category,player,dealer_up,action,mean_ev,count
hard,9,10,double,0.000000,2
hard,9,10,stand,-1.000000,1
hard,8,9,double,-2.000000,1
hard,8,9,hit,-1.000000,2
hard,19,9,hit,-1.000000,2
hard,9,4,stand,1.000000,1
hard,9,4,double,2.000000,1
soft,17,J,double,-2.000000,1
hard,12,K,stand,-1.000000,1
hard,12,K,double,-2.000000,1
hard,12,K,hit,-1.000000,1
hard,10,7,double,2.000000,2
hard,10,7,stand,-1.000000,1
hard,10,7,hit,-1.000000,1
hard,14,10,stand,-1.000000,4
hard,14,10,hit,-1.000000,1
hard,14,5,hit,0.500000,4
hard,14,5,double,0.000000,2
hard,12,9,double,-1.333333,3
hard,12,9,stand,-1.000000,1
hard,12,9,hit,-1.000000,3
hard,13,3,stand,-1.000000,4
hard,13,3,double,-2.000000,1
hard,13,3,hit,-1.000000,1
hard,14,9,double,-2.000000,2
hard,14,9,stand,-1.000000,2
hard,14,9,hit,1.000000,1
hard,15,10,stand,-1.000000,4
hard,15,10,hit,-1.000000,2
hard,15,10,double,2.000000,3
pair,J,4,stand,1.000000,1
pair,J,4,double,-2.000000,1
hard,12,10,hit,-0.333333,3
hard,12,10,stand,-0.333333,3
hard,12,10,double,0.000000,4
hard,8,Q,stand,-1.000000,2
hard,8,Q,hit,-1.000000,1
hard,7,K,hit,0.000000,2
hard,7,K,double,-2.000000,2
hard,7,K,stand,-1.000000,1
soft,20,4,double,2.000000,1
hard,16,7,hit,-1.000000,1
hard,16,7,double,-2.000000,2
pair,2,2,double,-2.000000,1
soft,14,10,stand,-1.000000,1
soft,14,10,hit,-1.000000,1
hard,13,8,stand,-0.333333,3
hard,13,8,hit,-1.000000,1
hard,13,8,double,0.000000,4
soft,14,J,stand,-1.000000,1
soft,14,J,double,-2.000000,1
hard,12,Q,hit,-1.000000,3
hard,12,Q,double,-0.666667,3
hard,12,Q,stand,0.000000,2
hard,14,A,hit,-1.000000,2
hard,14,A,stand,-1.000000,1
hard,15,7,double,0.000000,2
hard,15,7,stand,-1.000000,2
hard,15,7,hit,1.000000,1
hard,9,9,double,0.000000,2
hard,10,2,double,0.666667,3
hard,10,2,stand,1.000000,2
hard,19,3,hit,-1.000000,2
hard,19,3,stand,1.000000,2
hard,14,8,stand,0.000000,2
hard,14,8,double,-2.000000,2
soft,18,3,hit,1.000000,1
hard,12,2,stand,-0.333333,3
hard,12,2,double,1.500000,4
hard,12,2,hit,-1.000000,1
hard,15,J,hit,-0.333333,3
hard,15,J,stand,-1.000000,1
hard,15,J,double,-2.000000,1
hard,11,3,double,2.000000,2
hard,11,3,hit,0.333333,3
hard,11,3,stand,1.000000,1
soft,13,6,double,2.000000,1
soft,13,6,hit,-1.000000,1
hard,17,3,hit,0.000000,2
hard,17,3,stand,-0.500000,4
hard,17,3,double,-2.000000,1
hard,20,6,stand,1.000000,3
hard,20,6,hit,-1.000000,1
hard,8,4,hit,1.000000,2
hard,8,4,double,-2.000000,1
hard,17,K,hit,0.000000,2
hard,17,K,stand,1.000000,1
hard,17,K,double,-2.000000,1
hard,16,3,double,1.200000,5
hard,16,3,stand,0.000000,4
hard,16,3,hit,0.000000,4
hard,15,4,double,-0.571429,7
hard,15,4,stand,1.000000,1
hard,15,4,hit,0.333333,3
hard,16,6,hit,-1.000000,2
hard,16,6,stand,0.000000,4
hard,8,7,stand,1.000000,1
hard,14,K,stand,-1.000000,2
hard,14,K,hit,-1.000000,2
hard,14,K,double,-2.000000,3
hard,19,7,stand,1.000000,1
hard,19,7,double,-2.000000,3
hard,19,7,hit,-1.000000,1
hard,12,5,hit,-0.333333,3
hard,12,5,double,-2.000000,1
hard,17,Q,hit,-1.000000,1
hard,17,Q,stand,-1.000000,1
hard,17,Q,double,-2.000000,1
soft,20,Q,stand,0.000000,1
hard,18,9,hit,-1.000000,1
hard,18,9,double,0.000000,2
hard,18,9,stand,-1.000000,1
hard,15,8,double,0.000000,2
hard,15,8,stand,-0.333333,3
hard,15,8,hit,0.000000,4
hard,11,7,hit,-0.500000,4
hard,11,7,double,2.000000,1
hard,11,7,stand,1.000000,1
hard,16,2,stand,1.000000,1
hard,16,2,hit,-0.333333,3
hard,16,2,double,0.000000,2
hard,19,A,stand,0.000000,2
hard,18,7,double,-2.000000,1
hard,18,7,hit,-1.000000,1
soft,19,Q,double,0.000000,2
hard,11,2,stand,0.000000,2
hard,11,2,double,2.000000,2
hard,11,2,hit,-0.500000,2
soft,20,3,double,-2.000000,1
soft,20,3,hit,1.000000,1
hard,20,2,stand,0.750000,4
hard,20,2,double,-2.000000,1
pair,J,9,hit,-1.000000,1
pair,J,9,split,0.000000,1
soft,20,6,stand,1.000000,1
pair,10,J,double,-2.000000,1
hard,13,7,stand,1.000000,1
soft,16,7,double,-1.000000,2
hard,16,4,stand,1.000000,1
hard,16,4,double,2.000000,1
hard,16,4,hit,1.000000,1
hard,12,8,hit,-1.000000,1
hard,12,8,stand,-1.000000,4
hard,12,8,double,0.000000,1
hard,7,8,stand,-1.000000,1
hard,7,8,double,0.000000,2
hard,7,5,double,-2.000000,1
hard,7,5,stand,0.000000,2
hard,14,4,double,0.000000,2
hard,14,4,hit,-1.000000,1
hard,14,4,stand,1.000000,1
hard,6,4,stand,-1.000000,1
hard,14,2,stand,-1.000000,2
hard,14,2,hit,-1.000000,2
hard,14,2,double,2.000000,1
hard,9,8,hit,-1.000000,1
hard,9,8,stand,-1.000000,1
hard,15,3,hit,-1.000000,2
hard,15,3,stand,-0.333333,3
hard,15,3,double,-2.000000,2
pair,5,8,hit,-1.000000,1
hard,17,9,stand,0.000000,2
hard,17,9,hit,-1.000000,2
pair,8,J,hit,0.000000,2
pair,8,J,double,2.000000,1
hard,6,J,double,-2.000000,2
hard,19,2,hit,-1.000000,1
hard,19,2,stand,-1.000000,1
hard,19,K,hit,-1.000000,5
hard,19,K,stand,1.000000,2
hard,11,6,double,0.000000,2
hard,11,6,stand,1.000000,1
pair,6,9,split,-4.000000,1
hard,13,10,stand,0.000000,2
hard,13,10,hit,-0.666667,3
hard,13,10,double,-2.000000,1
soft,14,9,stand,-1.000000,1
hard,15,5,stand,0.000000,2
hard,15,5,double,-1.000000,2
hard,15,5,hit,-1.000000,1
hard,18,6,stand,1.000000,1
hard,18,6,hit,-1.000000,3
hard,18,6,double,-2.000000,3
hard,15,K,double,2.000000,2
hard,15,K,hit,-1.000000,1
hard,15,K,stand,0.000000,2
hard,12,A,double,-2.000000,1
hard,17,5,stand,-1.000000,1
hard,17,5,double,-2.000000,2
hard,20,Q,stand,0.500000,2
hard,20,Q,double,-2.000000,3
hard,20,Q,hit,-1.000000,1
soft,17,A,stand,0.500000,2
soft,17,A,double,-2.000000,1
hard,13,K,hit,0.000000,2
hard,13,K,stand,-1.000000,4
hard,13,K,double,1.000000,4
pair,K,J,split,0.000000,1
pair,K,J,stand,0.000000,1
hard,9,5,hit,-1.000000,1
pair,6,K,double,2.000000,1
hard,20,7,double,-2.000000,6
hard,20,7,stand,0.666667,3
hard,20,7,hit,1.000000,1
hard,20,10,double,-2.000000,2
hard,20,10,stand,0.500000,4
hard,19,6,stand,0.000000,2
hard,19,6,hit,-1.000000,2
hard,18,5,stand,0.333333,3
hard,18,5,hit,-1.000000,1
hard,18,5,double,2.000000,1
hard,16,J,double,0.000000,4
hard,16,J,stand,0.000000,4
hard,16,J,hit,0.500000,2
hard,10,K,stand,-1.000000,3
hard,10,K,double,2.000000,2
hard,13,5,double,-2.000000,3
hard,13,5,stand,0.000000,2
hard,13,5,hit,-0.333333,3
hard,10,J,stand,-1.000000,2
hard,10,J,double,1.000000,2
hard,10,J,hit,-1.000000,1
soft,16,10,stand,-1.000000,1
hard,15,9,double,-0.666667,3
hard,15,9,stand,-0.333333,3
hard,15,9,hit,-1.000000,1
hard,8,K,double,2.000000,1
hard,7,Q,stand,-0.333333,3
hard,18,8,hit,-1.000000,1
hard,18,8,double,0.666667,3
hard,18,8,stand,-1.000000,2
hard,20,4,stand,0.000000,1
hard,20,4,hit,-1.000000,2
hard,20,4,double,-2.000000,1
hard,15,A,stand,-0.333333,3
hard,15,A,double,-2.000000,2
pair,3,K,double,2.000000,1
hard,11,J,stand,-1.000000,4
hard,11,J,double,2.000000,1
hard,11,J,hit,-1.000000,1
hard,13,Q,double,1.000000,4
hard,13,Q,hit,0.000000,2
hard,13,Q,stand,0.000000,2
hard,7,7,hit,-1.000000,2
hard,19,J,double,-2.000000,1
hard,19,J,hit,-1.000000,2
hard,19,J,stand,-1.000000,2
hard,16,5,hit,0.000000,2
hard,16,5,double,0.000000,2
hard,16,5,stand,-1.000000,1
hard,12,J,stand,-1.000000,2
hard,12,J,double,-1.000000,4
hard,12,J,hit,-0.333333,3
pair,K,2,split,0.000000,1
pair,K,2,hit,-1.000000,1
pair,Q,6,stand,-0.500000,2
hard,12,4,double,0.000000,4
hard,12,4,stand,1.000000,1
hard,12,4,hit,-0.333333,3
soft,20,J,double,0.000000,2
hard,10,9,stand,0.000000,2
hard,10,9,double,2.000000,1
hard,12,6,stand,-1.000000,1
hard,12,6,hit,1.000000,1
hard,12,6,double,-2.000000,1
hard,16,8,stand,-1.000000,1
hard,16,8,double,-2.000000,1
hard,16,10,double,-2.000000,3
hard,16,10,stand,-1.000000,1
hard,16,10,hit,-1.000000,1
pair,10,K,hit,-1.000000,1
hard,10,3,hit,-1.000000,1
hard,10,3,stand,1.000000,1
pair,4,8,double,2.000000,1
hard,10,5,hit,0.000000,2
hard,10,5,stand,1.000000,1
hard,7,6,hit,1.000000,1
hard,9,3,stand,-0.333333,3
hard,9,3,double,1.000000,2
hard,9,3,hit,-1.000000,1
soft,19,2,stand,-1.000000,1
hard,9,Q,stand,-1.000000,3
hard,9,Q,hit,-1.000000,1
hard,9,Q,double,-2.000000,2
soft,18,J,stand,0.000000,2
hard,8,6,stand,1.000000,1
hard,8,6,hit,0.000000,2
soft,16,6,hit,0.000000,1
soft,16,6,double,2.000000,1
hard,9,7,stand,-1.000000,1
hard,9,7,double,2.000000,2
hard,9,7,hit,-1.000000,1
hard,18,J,double,2.000000,1
hard,18,J,stand,-0.333333,3
hard,18,J,hit,-1.000000,1
soft,17,6,hit,-1.000000,1
soft,17,6,double,2.000000,1
pair,2,9,double,-2.000000,1
pair,2,9,hit,-1.000000,1
pair,2,9,split,-3.000000,1
hard,13,6,double,-2.000000,1
hard,13,6,stand,-1.000000,3
hard,13,6,hit,-0.500000,2
pair,5,6,double,2.000000,2
pair,5,6,hit,1.000000,1
hard,8,A,double,0.000000,2
hard,8,2,stand,0.000000,2
hard,8,2,double,-2.000000,1
hard,11,9,double,2.000000,1
hard,11,9,hit,1.000000,1
hard,11,9,stand,-1.000000,1
hard,5,8,stand,1.000000,1
soft,14,3,stand,1.000000,1
soft,13,3,hit,1.000000,1
soft,13,3,stand,1.000000,1
pair,K,7,hit,-1.000000,1
soft,19,8,hit,-1.000000,1
hard,13,4,stand,-1.000000,2
hard,13,4,double,0.000000,2
hard,14,Q,double,0.000000,2
hard,14,Q,stand,-1.000000,2
hard,14,Q,hit,-1.000000,1
pair,A,10,split,-2.000000,1
hard,17,2,hit,0.000000,2
hard,17,2,stand,0.000000,3
hard,17,2,double,2.000000,1
soft,19,A,stand,-1.000000,1
hard,13,A,stand,-1.000000,2
hard,13,A,double,-2.000000,2
hard,20,J,hit,-1.000000,3
hard,20,J,stand,0.000000,3
hard,20,J,double,-2.000000,1
soft,18,A,double,-2.000000,1
hard,12,7,double,-0.666667,3
hard,12,7,stand,-1.000000,1
hard,12,7,hit,-1.000000,1
pair,J,2,split,0.000000,1
pair,8,6,stand,0.000000,2
hard,11,Q,double,2.000000,1
pair,9,7,stand,1.000000,1
pair,A,7,double,2.000000,1
hard,15,2,stand,0.000000,2
hard,15,2,double,-2.000000,2
hard,15,2,hit,-1.000000,1
pair,2,6,stand,1.000000,1
pair,2,6,hit,-1.000000,1
soft,13,K,double,-2.000000,3
soft,13,K,stand,-1.000000,1
pair,6,8,split,1.000000,1
hard,17,8,stand,-1.000000,1
hard,17,8,hit,0.000000,2
hard,18,4,double,0.000000,4
hard,18,4,hit,0.000000,2
hard,18,4,stand,1.000000,1
hard,14,J,double,0.000000,3
hard,14,J,hit,-1.000000,2
soft,14,5,hit,0.000000,1
soft,14,5,stand,-1.000000,1
soft,17,9,double,-2.000000,1
soft,17,9,stand,1.000000,1
soft,17,9,hit,1.000000,1
soft,20,9,double,-2.000000,1
pair,3,7,split,-2.000000,1
soft,16,4,double,-2.000000,1
soft,15,Q,hit,-1.000000,1
soft,18,7,stand,1.000000,1
soft,18,7,double,-2.000000,1
hard,19,4,stand,0.333333,3
soft,15,10,hit,-1.000000,1
soft,15,10,double,2.000000,1
hard,11,A,stand,1.000000,2
hard,11,A,hit,1.000000,1
hard,9,K,stand,0.000000,2
hard,9,K,double,-2.000000,2
hard,5,J,hit,-1.000000,1
hard,5,J,stand,-1.000000,2
hard,19,10,stand,-1.000000,1
hard,19,10,double,-2.000000,1
hard,19,10,hit,-1.000000,1
hard,14,3,stand,-0.333333,3
hard,14,3,double,0.000000,1
pair,8,9,stand,1.000000,1
hard,5,Q,stand,-1.000000,1
hard,19,Q,double,-2.000000,4
hard,20,5,stand,0.000000,2
hard,20,5,hit,-1.000000,1
hard,20,5,double,-2.000000,3
hard,8,10,hit,-0.500000,4
hard,10,10,stand,0.000000,2
hard,10,10,hit,-1.000000,1
hard,10,10,double,-2.000000,1
hard,5,A,double,-2.000000,1
hard,5,A,hit,-1.000000,2
hard,13,2,hit,-1.000000,1
hard,13,2,double,-2.000000,1
hard,13,2,stand,-1.000000,1
pair,3,10,split,-2.000000,1
hard,11,4,hit,1.000000,1
hard,11,4,double,2.000000,1
hard,11,4,stand,-1.000000,1
hard,20,9,hit,-1.000000,1
hard,20,9,double,-2.000000,2
hard,20,9,stand,1.000000,2
pair,10,9,hit,-1.000000,1
hard,13,9,double,-0.666667,3
hard,13,9,hit,-1.000000,1
hard,13,9,stand,-1.000000,1
hard,15,6,stand,0.000000,2
hard,15,6,hit,-1.000000,1
hard,15,6,double,-2.000000,1
pair,A,5,stand,-1.000000,1
soft,15,J,hit,-1.000000,1
hard,18,K,double,-0.666667,3
hard,18,K,hit,-1.000000,1
hard,18,K,stand,-1.000000,1
hard,12,3,stand,-0.500000,4
hard,12,3,double,-2.000000,1
hard,12,3,hit,-1.000000,1
soft,18,5,stand,-1.000000,1
hard,17,4,hit,-1.000000,1
hard,17,4,double,0.000000,2
hard,17,4,stand,0.000000,1
hard,11,8,stand,-1.000000,1
hard,11,8,double,2.000000,1
hard,15,Q,hit,1.000000,2
hard,15,Q,stand,1.000000,2
hard,15,Q,double,-2.000000,1
hard,16,K,hit,0.333333,3
hard,16,K,stand,-1.000000,1
soft,15,9,stand,-1.000000,1
soft,17,K,stand,0.000000,2
pair,A,3,hit,1.000000,1
hard,13,J,double,-2.000000,3
hard,13,J,stand,-1.000000,1
pair,9,9,split,-2.000000,1
soft,15,3,hit,1.000000,2
pair,9,3,hit,-1.000000,1
pair,9,3,stand,1.000000,1
hard,17,6,hit,-1.000000,2
hard,17,6,stand,-1.000000,2
hard,17,6,double,-2.000000,1
hard,11,10,hit,0.000000,2
hard,7,10,stand,-1.000000,1
hard,7,10,hit,0.000000,2
hard,7,10,double,-2.000000,1
hard,8,J,hit,-1.000000,1
hard,8,J,stand,-1.000000,1
hard,20,8,hit,-1.000000,1
hard,20,8,stand,1.000000,2
hard,20,8,double,-2.000000,1
hard,5,9,double,-2.000000,1
hard,5,9,hit,-1.000000,1
hard,18,2,stand,0.000000,2
soft,17,4,hit,0.000000,1
soft,19,10,hit,1.000000,1
hard,10,A,double,2.000000,1
soft,16,3,stand,0.000000,2
soft,16,3,hit,-1.000000,1
hard,17,10,hit,-1.000000,3
soft,17,3,hit,-1.000000,1
soft,17,3,stand,1.000000,1
pair,7,4,double,2.000000,1
soft,18,K,hit,-1.000000,1
hard,17,7,stand,-1.000000,1
hard,17,7,double,2.000000,1
hard,16,A,stand,-1.000000,3
hard,16,A,hit,-1.000000,1
hard,18,10,hit,-1.000000,1
hard,18,10,stand,-0.333333,3
soft,13,9,double,-2.000000,1
pair,7,3,split,4.000000,1
hard,6,5,stand,0.000000,2
soft,19,9,stand,1.000000,1
soft,19,9,double,-2.000000,1
pair,8,Q,stand,-1.000000,2
hard,17,A,hit,-1.000000,2
hard,17,A,double,0.000000,2
soft,20,8,hit,-0.666667,3
soft,20,8,double,2.000000,1
soft,19,4,double,2.000000,1
pair,Q,3,hit,-1.000000,2
hard,20,A,stand,0.000000,1
hard,10,6,hit,-1.000000,2
hard,10,6,stand,1.000000,1
pair,9,Q,stand,1.000000,1
soft,18,10,double,2.000000,1
hard,9,A,hit,-1.000000,1
hard,9,A,double,-2.000000,1
hard,18,3,double,-2.000000,1
hard,18,3,stand,-1.000000,1
hard,18,3,hit,-1.000000,1
hard,17,J,stand,-1.000000,1
pair,A,4,hit,-1.000000,1
hard,18,Q,stand,-0.666667,3
hard,18,Q,hit,-1.000000,3
hard,18,Q,double,-2.000000,1
soft,20,10,double,2.000000,1
hard,5,2,hit,-1.000000,1
pair,9,10,stand,0.000000,1
hard,20,3,stand,1.000000,1
hard,20,3,double,-2.000000,2
pair,5,A,hit,-1.000000,1
soft,19,J,double,2.000000,1
soft,19,J,stand,1.000000,1
soft,20,K,stand,1.000000,1
soft,20,K,hit,-1.000000,1
pair,4,7,hit,1.000000,1
pair,4,7,stand,-1.000000,1
pair,J,10,stand,1.000000,2
hard,14,7,double,-1.000000,4
hard,14,7,stand,1.000000,1
soft,14,7,stand,1.000000,1
hard,9,J,double,-2.000000,1
soft,20,7,stand,1.000000,1
soft,18,4,stand,1.000000,1
hard,20,K,double,-2.000000,1
soft,14,2,hit,-1.000000,1
pair,K,3,split,3.000000,1
soft,14,8,double,2.000000,1
soft,19,6,double,-2.000000,1
hard,11,K,double,0.000000,1
soft,19,K,stand,0.000000,1
hard,10,8,double,-2.000000,2
pair,Q,9,stand,1.000000,1
pair,3,4,split,-1.000000,1
hard,5,K,hit,0.000000,1
pair,J,8,stand,1.000000,1
pair,J,8,split,0.000000,1
hard,11,5,stand,-1.000000,1
soft,16,9,double,2.000000,1
pair,6,3,double,-2.000000,1
soft,19,3,double,2.000000,1
hard,10,4,hit,1.000000,1
pair,A,9,stand,-1.000000,1
pair,A,6,stand,1.000000,1
pair,J,3,stand,1.000000,1
hard,19,8,hit,-1.000000,1
hard,9,6,stand,0.333333,3
soft,20,5,stand,-1.000000,1
hard,6,7,stand,-1.000000,1
hard,6,7,double,-2.000000,1
soft,16,Q,hit,-1.000000,1
soft,13,J,double,-2.000000,1
soft,13,J,hit,-1.000000,1
soft,16,K,hit,1.000000,1
pair,A,K,stand,1.000000,1
pair,A,K,hit,-1.000000,1
soft,17,5,double,2.000000,1
hard,6,2,double,-2.000000,1
soft,18,Q,hit,-1.000000,1
pair,5,9,split,2.000000,1
pair,2,8,hit,1.000000,1
pair,J,J,double,-2.000000,1
soft,14,Q,double,2.000000,1
hard,6,8,double,2.000000,1
pair,5,2,split,-3.000000,1
pair,9,2,split,-4.000000,1
soft,18,8,double,2.000000,1
soft,17,8,double,-2.000000,1
hard,6,9,double,-2.000000,1
soft,18,2,double,-2.000000,1
pair,A,Q,split,0.000000,1
