pl_total,usable_ace,dealer_up,pair_rank,num_cards,after_split,splits_done,split_aces,can_double,can_split,action,q,n
9,0,10,0,2,0,0,0,1,0,double,-0.382514,1098
9,0,10,0,2,0,0,0,1,0,stand,-0.608108,888
9,0,10,0,2,0,0,0,1,0,hit,-0.169233,98663
8,0,9,0,2,0,0,0,1,0,double,-0.678082,584
8,0,9,0,2,0,0,0,1,0,hit,-0.264655,16905
8,0,9,0,2,0,0,0,1,0,stand,-0.556835,695
19,0,9,0,2,0,0,0,1,0,hit,-0.761379,725
19,0,9,0,2,0,0,0,1,0,stand,0.280613,34724
19,0,9,0,2,0,0,0,1,0,double,-1.475138,724
9,0,4,0,2,0,0,0,1,0,stand,-0.211594,690
9,0,4,0,2,0,0,0,1,0,double,0.178214,25879
9,0,4,0,2,0,0,0,1,0,hit,-0.070644,637
17,1,10,0,2,0,0,0,1,0,double,-0.400560,714
17,1,10,0,2,0,0,0,1,0,stand,-0.363276,757
17,1,10,0,2,0,0,0,1,0,hit,-0.211112,32163
12,0,10,0,2,0,0,0,1,0,stand,-0.568000,1375
12,0,10,0,2,0,0,0,1,0,hit,-0.389746,233147
12,0,10,0,2,0,0,0,1,0,double,-0.777669,1021
10,0,7,0,2,0,0,0,1,0,double,0.397179,25802
10,0,7,0,2,0,0,0,1,0,stand,-0.483969,655
10,0,7,0,2,0,0,0,1,0,hit,0.094946,653
14,0,10,0,2,0,0,0,1,0,stand,-0.547380,1794
14,0,10,0,2,0,0,0,1,0,hit,-0.472799,199241
14,0,10,0,2,0,0,0,1,0,double,-0.870804,983
14,0,5,0,2,0,0,0,1,0,hit,-0.431907,771
14,0,5,0,2,0,0,0,1,0,double,-0.629073,798
14,0,5,0,2,0,0,0,1,0,stand,-0.166854,53340
12,0,9,0,2,0,0,0,1,0,double,-0.743210,810
12,0,9,0,2,0,0,0,1,0,stand,-0.523926,815
12,0,9,0,2,0,0,0,1,0,hit,-0.367173,61761
13,0,3,0,2,0,0,0,1,0,stand,-0.251723,62116
13,0,3,0,2,0,0,0,1,0,hit,-0.370647,804
13,0,3,0,2,0,0,0,1,0,double,-0.702290,786
14,0,9,0,2,0,0,0,1,0,double,-0.880893,806
14,0,9,0,2,0,0,0,1,0,stand,-0.544081,794
14,0,9,0,2,0,0,0,1,0,hit,-0.443922,52980
15,0,10,0,2,0,0,0,1,0,stand,-0.540162,158569
15,0,10,0,2,0,0,0,1,0,hit,-0.506730,41681
15,0,10,0,2,0,0,0,1,0,double,-0.966378,1041
20,0,4,10,2,0,0,0,1,1,stand,0.660066,71611
20,0,4,10,2,0,0,0,1,1,split,0.406574,578
20,0,4,10,2,0,0,0,1,1,hit,-0.869231,650
20,0,4,10,2,0,0,0,1,1,double,-1.697819,642
8,0,10,0,2,0,0,0,1,0,stand,-0.525593,801
8,0,10,0,2,0,0,0,1,0,hit,-0.273055,65822
8,0,10,0,2,0,0,0,1,0,double,-0.724706,850
7,0,10,0,2,0,0,0,1,0,hit,-0.348449,65582
7,0,10,0,2,0,0,0,1,0,double,-0.859375,768
7,0,10,0,2,0,0,0,1,0,stand,-0.530806,844
20,1,4,0,2,0,0,0,1,0,double,0.492872,491
20,1,4,0,2,0,0,0,1,0,hit,0.021053,475
20,1,4,0,2,0,0,0,1,0,stand,0.631729,8081
16,0,7,0,2,0,0,0,1,0,hit,-0.432169,4924
16,0,7,0,2,0,0,0,1,0,double,-0.788811,715
16,0,7,0,2,0,0,0,1,0,stand,-0.471723,40263
4,0,2,2,2,0,0,0,1,1,double,-0.892508,307
4,0,2,2,2,0,0,0,1,1,hit,-0.321875,320
4,0,2,2,2,0,0,0,1,1,split,-0.125955,3533
4,0,2,2,2,0,0,0,1,1,stand,-0.267606,284
14,1,10,0,2,0,0,0,1,0,stand,-0.570803,685
14,1,10,0,2,0,0,0,1,0,double,-0.508655,751
14,1,10,0,2,0,0,0,1,0,hit,-0.165228,32095
13,0,8,0,2,0,0,0,1,0,stand,-0.549065,856
13,0,8,0,2,0,0,0,1,0,hit,-0.354470,61946
13,0,8,0,2,0,0,0,1,0,double,-0.666667,762
14,0,A,0,2,0,0,0,1,0,hit,-0.456864,36188
14,0,A,0,2,0,0,0,1,0,stand,-0.627717,736
14,0,A,0,2,0,0,0,1,0,double,-0.959799,796
15,0,7,0,2,0,0,0,1,0,double,-0.722628,822
15,0,7,0,2,0,0,0,1,0,stand,-0.478261,4163
15,0,7,0,2,0,0,0,1,0,hit,-0.379776,49703
9,0,9,0,2,0,0,0,1,0,double,-0.339378,772
9,0,9,0,2,0,0,0,1,0,stand,-0.517045,704
9,0,9,0,2,0,0,0,1,0,hit,-0.109275,25962
10,0,2,0,2,0,0,0,1,0,double,0.362506,26212
10,0,2,0,2,0,0,0,1,0,stand,-0.242748,655
10,0,2,0,2,0,0,0,1,0,hit,0.055891,662
19,0,3,0,2,0,0,0,1,0,hit,-0.683099,710
19,0,3,0,2,0,0,0,1,0,stand,0.400463,35027
19,0,3,0,2,0,0,0,1,0,double,-1.513067,727
14,0,8,0,2,0,0,0,1,0,stand,-0.523573,806
14,0,8,0,2,0,0,0,1,0,double,-0.866162,792
14,0,8,0,2,0,0,0,1,0,hit,-0.388057,53000
18,1,3,0,2,0,0,0,1,0,hit,0.033465,508
18,1,3,0,2,0,0,0,1,0,double,0.215420,7743
18,1,3,0,2,0,0,0,1,0,stand,0.139098,798
12,0,2,0,2,0,0,0,1,0,stand,-0.294818,62140
12,0,2,0,2,0,0,0,1,0,double,-0.422744,809
12,0,2,0,2,0,0,0,1,0,hit,-0.419048,840
11,0,3,0,2,0,0,0,1,0,double,0.509517,34939
11,0,3,0,2,0,0,0,1,0,hit,0.104720,678
11,0,3,0,2,0,0,0,1,0,stand,-0.254795,730
13,1,6,0,2,0,0,0,1,0,double,0.141081,8123
13,1,6,0,2,0,0,0,1,0,hit,0.058333,480
13,1,6,0,2,0,0,0,1,0,stand,-0.123772,509
17,0,3,0,2,0,0,0,1,0,hit,-0.623244,783
17,0,3,0,2,0,0,0,1,0,stand,-0.110320,44235
17,0,3,0,2,0,0,0,1,0,double,-1.049798,743
20,0,6,10,2,0,0,0,1,1,double,-1.688394,629
20,0,6,10,2,0,0,0,1,1,stand,0.701653,70941
20,0,6,10,2,0,0,0,1,1,split,0.509658,673
20,0,6,10,2,0,0,0,1,1,hit,-0.847181,674
10,0,10,0,2,0,0,0,1,0,stand,-0.531390,892
10,0,10,0,2,0,0,0,1,0,double,-0.016621,99392
10,0,10,0,2,0,0,0,1,0,hit,-0.086527,809
19,1,7,0,2,0,0,0,1,0,stand,0.610987,8064
19,1,7,0,2,0,0,0,1,0,double,0.261044,498
19,1,7,0,2,0,0,0,1,0,hit,0.051546,485
8,0,4,0,2,0,0,0,1,0,double,-0.068242,17057
8,0,4,0,2,0,0,0,1,0,hit,-0.098958,576
8,0,4,0,2,0,0,0,1,0,stand,-0.225416,661
15,0,4,0,2,0,0,0,1,0,double,-0.798469,784
15,0,4,0,2,0,0,0,1,0,stand,-0.214571,53064
15,0,4,0,2,0,0,0,1,0,hit,-0.510996,773
16,0,6,0,2,0,0,0,1,0,hit,-0.506831,732
16,0,6,0,2,0,0,0,1,0,double,-0.833111,749
16,0,6,0,2,0,0,0,1,0,stand,-0.157668,44156
8,0,7,0,2,0,0,0,1,0,stand,-0.511041,634
8,0,7,0,2,0,0,0,1,0,hit,0.002914,14071
8,0,7,0,2,0,0,0,1,0,double,-0.167559,3736
19,0,7,0,2,0,0,0,1,0,stand,0.617480,35172
19,0,7,0,2,0,0,0,1,0,double,-1.347826,690
19,0,7,0,2,0,0,0,1,0,hit,-0.710564,691
12,0,5,0,2,0,0,0,1,0,hit,-0.316471,850
12,0,5,0,2,0,0,0,1,0,stand,-0.169112,61876
12,0,5,0,2,0,0,0,1,0,double,-0.390062,805
17,0,10,0,2,0,0,0,1,0,hit,-0.609375,960
17,0,10,0,2,0,0,0,1,0,stand,-0.419955,165682
17,0,10,0,2,0,0,0,1,0,double,-1.216942,968
20,1,10,0,2,0,0,0,1,0,stand,0.555070,31796
20,1,10,0,2,0,0,0,1,0,double,-0.075581,688
20,1,10,0,2,0,0,0,1,0,hit,0.007022,712
18,0,9,0,2,0,0,0,1,0,hit,-0.633621,696
18,0,9,0,2,0,0,0,1,0,double,-1.248991,743
18,0,9,0,2,0,0,0,1,0,stand,-0.179845,35158
15,0,8,0,2,0,0,0,1,0,double,-0.854902,765
15,0,8,0,2,0,0,0,1,0,stand,-0.516456,45485
15,0,8,0,2,0,0,0,1,0,hit,-0.439453,7969
11,0,7,0,2,0,0,0,1,0,hit,0.193891,753
11,0,7,0,2,0,0,0,1,0,stand,-0.495522,670
11,0,7,0,2,0,0,0,1,0,double,0.469109,35237
16,0,2,0,2,0,0,0,1,0,stand,-0.294209,43928
16,0,2,0,2,0,0,0,1,0,hit,-0.542105,760
16,0,2,0,2,0,0,0,1,0,double,-1.023384,727
19,0,A,0,2,0,0,0,1,0,stand,0.281796,23989
19,0,A,0,2,0,0,0,1,0,double,-1.476423,615
19,0,A,0,2,0,0,0,1,0,hit,-0.764706,697
18,0,7,0,2,0,0,0,1,0,double,-1.103356,745
18,0,7,0,2,0,0,0,1,0,hit,-0.636608,743
18,0,7,0,2,0,0,0,1,0,stand,0.404355,34900
19,1,10,0,2,0,0,0,1,0,double,-0.415042,718
19,1,10,0,2,0,0,0,1,0,stand,0.065278,32415
19,1,10,0,2,0,0,0,1,0,hit,-0.162963,675
11,0,2,0,2,0,0,0,1,0,stand,-0.287425,668
11,0,2,0,2,0,0,0,1,0,double,0.468202,35049
11,0,2,0,2,0,0,0,1,0,hit,0.095801,762
20,1,3,0,2,0,0,0,1,0,double,0.388889,540
20,1,3,0,2,0,0,0,1,0,hit,0.023033,521
20,1,3,0,2,0,0,0,1,0,stand,0.642112,8050
20,0,2,10,2,0,0,0,1,1,split,0.290850,612
20,0,2,10,2,0,0,0,1,1,hit,-0.848943,662
20,0,2,10,2,0,0,0,1,1,stand,0.637341,71086
20,0,2,10,2,0,0,0,1,1,double,-1.750000,608
20,0,10,10,2,0,0,0,1,1,double,-1.685864,764
20,0,10,10,2,0,0,0,1,1,split,-0.097529,769
20,0,10,10,2,0,0,0,1,1,stand,0.554728,267050
20,0,10,10,2,0,0,0,1,1,hit,-0.865039,778
16,0,3,0,2,0,0,0,1,0,stand,-0.246009,43791
16,0,3,0,2,0,0,0,1,0,hit,-0.536250,800
16,0,3,0,2,0,0,0,1,0,double,-0.787115,714
13,0,7,0,2,0,0,0,1,0,stand,-0.493990,3494
13,0,7,0,2,0,0,0,1,0,hit,-0.304165,59356
13,0,7,0,2,0,0,0,1,0,double,-0.597701,870
16,1,7,0,2,0,0,0,1,0,double,-0.134271,8103
16,1,7,0,2,0,0,0,1,0,stand,-0.519553,537
16,1,7,0,2,0,0,0,1,0,hit,-0.176238,505
16,0,4,0,2,0,0,0,1,0,stand,-0.210216,43579
16,0,4,0,2,0,0,0,1,0,double,-0.901961,765
16,0,4,0,2,0,0,0,1,0,hit,-0.559449,799
12,0,8,0,2,0,0,0,1,0,hit,-0.303001,61673
12,0,8,0,2,0,0,0,1,0,stand,-0.533011,1242
12,0,8,0,2,0,0,0,1,0,double,-0.557838,925
7,0,8,0,2,0,0,0,1,0,stand,-0.476673,1479
7,0,8,0,2,0,0,0,1,0,double,-0.757669,652
7,0,8,0,2,0,0,0,1,0,hit,-0.283766,16207
16,0,5,0,2,0,0,0,1,0,double,-0.869919,738
16,0,5,0,2,0,0,0,1,0,hit,-0.578501,707
16,0,5,0,2,0,0,0,1,0,stand,-0.164594,44297
8,0,3,4,2,0,0,0,1,1,stand,-0.363296,267
8,0,3,4,2,0,0,0,1,1,double,-0.124542,273
8,0,3,4,2,0,0,0,1,1,hit,-0.065236,3449
8,0,3,4,2,0,0,0,1,1,split,-0.138940,547
18,0,10,0,2,0,0,0,1,0,double,-1.292341,927
18,0,10,0,2,0,0,0,1,0,stand,-0.174377,132477
18,0,10,0,2,0,0,0,1,0,hit,-0.651747,916
15,0,6,0,2,0,0,0,1,0,hit,-0.439698,796
15,0,6,0,2,0,0,0,1,0,stand,-0.154615,52731
15,0,6,0,2,0,0,0,1,0,double,-0.731458,782
5,0,2,0,2,0,0,0,1,0,stand,-0.293059,2334
5,0,2,0,2,0,0,0,1,0,hit,-0.227031,6400
5,0,2,0,2,0,0,0,1,0,double,-0.727273,484
15,0,3,0,2,0,0,0,1,0,hit,-0.560102,782
15,0,3,0,2,0,0,0,1,0,stand,-0.252037,53262
15,0,3,0,2,0,0,0,1,0,double,-0.726823,809
10,0,8,5,2,0,0,0,1,1,hit,0.072503,731
10,0,8,5,2,0,0,0,1,1,split,-0.379661,295
10,0,8,5,2,0,0,0,1,1,stand,-0.489933,298
10,0,8,5,2,0,0,0,1,1,double,0.195257,3247
17,0,9,0,2,0,0,0,1,0,stand,-0.423985,44136
17,0,9,0,2,0,0,0,1,0,hit,-0.602028,789
17,0,9,0,2,0,0,0,1,0,double,-1.129604,733
12,0,4,0,2,0,0,0,1,0,stand,-0.219385,61905
12,0,4,0,2,0,0,0,1,0,double,-0.367542,838
12,0,4,0,2,0,0,0,1,0,hit,-0.314883,813
12,0,8,6,2,0,0,0,1,1,stand,-0.509847,457
12,0,8,6,2,0,0,0,1,1,split,-0.631579,323
12,0,8,6,2,0,0,0,1,1,double,-0.673401,297
12,0,8,6,2,0,0,0,1,1,hit,-0.300114,3502
12,0,9,6,2,0,0,0,1,1,split,-0.754153,301
12,0,9,6,2,0,0,0,1,1,stand,-0.591837,392
12,0,9,6,2,0,0,0,1,1,double,-0.828767,292
12,0,9,6,2,0,0,0,1,1,hit,-0.360614,3519
13,0,10,0,2,0,0,0,1,0,stand,-0.540962,13415
13,0,10,0,2,0,0,0,1,0,hit,-0.431947,220953
13,0,10,0,2,0,0,0,1,0,double,-0.870656,1036
14,1,9,0,2,0,0,0,1,0,stand,-0.498998,499
14,1,9,0,2,0,0,0,1,0,double,-0.396040,505
14,1,9,0,2,0,0,0,1,0,hit,-0.130493,8169
15,0,5,0,2,0,0,0,1,0,stand,-0.166868,52904
15,0,5,0,2,0,0,0,1,0,double,-0.727273,781
15,0,5,0,2,0,0,0,1,0,hit,-0.447336,807
18,0,6,0,2,0,0,0,1,0,stand,0.286390,34865
18,0,6,0,2,0,0,0,1,0,hit,-0.669761,754
18,0,6,0,2,0,0,0,1,0,double,-1.258974,780
12,0,A,0,2,0,0,0,1,0,double,-0.786885,732
12,0,A,0,2,0,0,0,1,0,stand,-0.706112,769
12,0,A,0,2,0,0,0,1,0,hit,-0.381175,42432
17,0,5,0,2,0,0,0,1,0,stand,-0.046610,44132
17,0,5,0,2,0,0,0,1,0,double,-1.097035,742
17,0,5,0,2,0,0,0,1,0,hit,-0.604885,696
9,0,5,0,2,0,0,0,1,0,hit,-0.078684,699
9,0,5,0,2,0,0,0,1,0,stand,-0.205788,622
9,0,5,0,2,0,0,0,1,0,double,0.255003,25733
12,0,10,6,2,0,0,0,1,1,double,-0.633484,442
12,0,10,6,2,0,0,0,1,1,split,-0.701010,495
12,0,10,6,2,0,0,0,1,1,hit,-0.392859,15349
12,0,10,6,2,0,0,0,1,1,stand,-0.559719,427
20,0,7,10,2,0,0,0,1,1,split,0.309598,646
20,0,7,10,2,0,0,0,1,1,double,-1.660856,631
20,0,7,10,2,0,0,0,1,1,hit,-0.846519,632
20,0,7,10,2,0,0,0,1,1,stand,0.772913,70823
19,0,6,0,2,0,0,0,1,0,stand,0.504974,34782
19,0,6,0,2,0,0,0,1,0,hit,-0.747863,702
19,0,6,0,2,0,0,0,1,0,double,-1.427027,740
16,0,8,0,2,0,0,0,1,0,hit,-0.460895,31300
16,0,8,0,2,0,0,0,1,0,stand,-0.512173,13472
16,0,8,0,2,0,0,0,1,0,double,-0.870270,740
17,0,2,0,2,0,0,0,1,0,double,-1.049682,785
17,0,2,0,2,0,0,0,1,0,hit,-0.643421,760
17,0,2,0,2,0,0,0,1,0,stand,-0.151182,43418
11,0,4,0,2,0,0,0,1,0,stand,-0.243394,719
11,0,4,0,2,0,0,0,1,0,hit,0.183761,702
11,0,4,0,2,0,0,0,1,0,double,0.582763,34913
11,0,A,0,2,0,0,0,1,0,stand,-0.646526,662
11,0,A,0,2,0,0,0,1,0,hit,0.091156,735
11,0,A,0,2,0,0,0,1,0,double,0.111942,24066
18,0,4,9,2,0,0,0,1,1,stand,0.130573,314
18,0,4,9,2,0,0,0,1,1,split,0.290105,3709
18,0,4,9,2,0,0,0,1,1,hit,-0.653137,271
18,0,4,9,2,0,0,0,1,1,double,-1.284133,271
12,0,3,0,2,0,0,0,1,0,hit,-0.341801,866
12,0,3,0,2,0,0,0,1,0,stand,-0.262134,61911
12,0,3,0,2,0,0,0,1,0,double,-0.475610,820
9,0,3,0,2,0,0,0,1,0,double,0.111688,26001
9,0,3,0,2,0,0,0,1,0,stand,-0.164179,670
9,0,3,0,2,0,0,0,1,0,hit,-0.124260,676
18,0,2,0,2,0,0,0,1,0,stand,0.119739,34876
18,0,2,0,2,0,0,0,1,0,double,-1.234783,690
18,0,2,0,2,0,0,0,1,0,hit,-0.650460,761
13,1,3,0,2,0,0,0,1,0,double,0.004157,8179
13,1,3,0,2,0,0,0,1,0,stand,-0.210744,484
13,1,3,0,2,0,0,0,1,0,hit,-0.080338,473
15,0,A,0,2,0,0,0,1,0,stand,-0.646391,1233
15,0,A,0,2,0,0,0,1,0,double,-1.077994,718
15,0,A,0,2,0,0,0,1,0,hit,-0.485081,36029
6,0,10,3,2,0,0,0,1,1,double,-1.146067,445
6,0,10,3,2,0,0,0,1,1,split,-0.734990,483
6,0,10,3,2,0,0,0,1,1,stand,-0.521232,4027
6,0,10,3,2,0,0,0,1,1,hit,-0.370396,11782
11,0,10,0,2,0,0,0,1,0,stand,-0.523810,924
11,0,10,0,2,0,0,0,1,0,double,0.180662,132579
11,0,10,0,2,0,0,0,1,0,hit,0.076844,976
7,0,7,0,2,0,0,0,1,0,hit,-0.161158,17244
7,0,7,0,2,0,0,0,1,0,stand,-0.461412,609
7,0,7,0,2,0,0,0,1,0,double,-0.607261,606
19,0,10,0,2,0,0,0,1,0,double,-1.514349,906
19,0,10,0,2,0,0,0,1,0,hit,-0.761647,923
19,0,10,0,2,0,0,0,1,0,stand,0.063579,132733
16,0,10,0,2,0,0,0,1,0,double,-1.124875,1001
16,0,10,0,2,0,0,0,1,0,stand,-0.544206,165711
16,0,10,0,2,0,0,0,1,0,hit,-0.562774,1139
14,0,3,0,2,0,0,0,1,0,stand,-0.250938,53013
14,0,3,0,2,0,0,0,1,0,hit,-0.445302,777
14,0,3,0,2,0,0,0,1,0,double,-0.700280,714
10,0,9,0,2,0,0,0,1,0,stand,-0.557522,678
10,0,9,0,2,0,0,0,1,0,hit,-0.022288,673
10,0,9,0,2,0,0,0,1,0,double,0.129334,26072
19,0,2,0,2,0,0,0,1,0,stand,0.393629,35094
19,0,2,0,2,0,0,0,1,0,hit,-0.786003,743
19,0,2,0,2,0,0,0,1,0,double,-1.385892,723
12,0,6,0,2,0,0,0,1,0,stand,-0.144924,61805
12,0,6,0,2,0,0,0,1,0,hit,-0.269917,841
12,0,6,0,2,0,0,0,1,0,double,-0.395990,798
9,0,6,0,2,0,0,0,1,0,double,0.311332,25908
9,0,6,0,2,0,0,0,1,0,stand,-0.124224,644
9,0,6,0,2,0,0,0,1,0,hit,-0.032211,683
17,0,4,0,2,0,0,0,1,0,stand,-0.082864,44024
17,0,4,0,2,0,0,0,1,0,hit,-0.651890,767
17,0,4,0,2,0,0,0,1,0,double,-1.009790,715
10,0,10,5,2,0,0,0,1,1,split,-0.707627,472
10,0,10,5,2,0,0,0,1,1,stand,-0.500000,444
10,0,10,5,2,0,0,0,1,1,double,-0.043573,918
10,0,10,5,2,0,0,0,1,1,hit,0.015407,15058
8,0,8,4,2,0,0,0,1,1,double,-0.447853,326
8,0,8,4,2,0,0,0,1,1,stand,-0.529412,289
8,0,8,4,2,0,0,0,1,1,split,-0.251534,326
8,0,8,4,2,0,0,0,1,1,hit,-0.108914,3691
10,0,5,0,2,0,0,0,1,0,hit,0.061103,671
10,0,5,0,2,0,0,0,1,0,stand,-0.175385,650
10,0,5,0,2,0,0,0,1,0,double,0.516518,26032
7,0,6,0,2,0,0,0,1,0,hit,-0.184000,625
7,0,6,0,2,0,0,0,1,0,stand,-0.156993,16918
7,0,6,0,2,0,0,0,1,0,double,-0.242812,626
19,1,2,0,2,0,0,0,1,0,stand,0.403561,8088
19,1,2,0,2,0,0,0,1,0,hit,-0.047337,507
19,1,2,0,2,0,0,0,1,0,double,0.236253,491
18,1,10,0,2,0,0,0,1,0,stand,-0.178333,32030
18,1,10,0,2,0,0,0,1,0,hit,-0.225035,711
18,1,10,0,2,0,0,0,1,0,double,-0.356164,803
8,0,6,0,2,0,0,0,1,0,stand,-0.184943,611
8,0,6,0,2,0,0,0,1,0,double,0.106419,17027
8,0,6,0,2,0,0,0,1,0,hit,-0.174419,602
16,1,6,0,2,0,0,0,1,0,hit,0.007984,501
16,1,6,0,2,0,0,0,1,0,stand,-0.103158,475
16,1,6,0,2,0,0,0,1,0,double,0.139137,7949
9,0,7,0,2,0,0,0,1,0,stand,-0.495441,658
9,0,7,0,2,0,0,0,1,0,double,0.120835,26052
9,0,7,0,2,0,0,0,1,0,hit,-0.008224,608
17,1,6,0,2,0,0,0,1,0,hit,0.049242,528
17,1,6,0,2,0,0,0,1,0,double,0.261142,7965
17,1,6,0,2,0,0,0,1,0,stand,0.003257,614
4,0,9,2,2,0,0,0,1,1,double,-1.125448,279
4,0,9,2,2,0,0,0,1,1,hit,-0.423280,378
4,0,9,2,2,0,0,0,1,1,split,-0.426748,3604
4,0,9,2,2,0,0,0,1,1,stand,-0.522293,314
13,0,6,0,2,0,0,0,1,0,double,-0.675291,773
13,0,6,0,2,0,0,0,1,0,stand,-0.156111,61501
13,0,6,0,2,0,0,0,1,0,hit,-0.360097,822
10,0,6,5,2,0,0,0,1,1,double,0.574313,3566
10,0,6,5,2,0,0,0,1,1,hit,0.100000,310
10,0,6,5,2,0,0,0,1,1,split,0.246334,341
10,0,6,5,2,0,0,0,1,1,stand,-0.227437,277
18,0,4,0,2,0,0,0,1,0,hit,-0.710791,695
18,0,4,0,2,0,0,0,1,0,double,-1.256991,751
18,0,4,0,2,0,0,0,1,0,stand,0.179449,34617
14,0,6,7,2,0,0,0,1,1,hit,-0.456667,300
14,0,6,7,2,0,0,0,1,1,double,-0.528169,284
14,0,6,7,2,0,0,0,1,1,split,0.269597,3572
14,0,6,7,2,0,0,0,1,1,stand,-0.059603,302
14,0,6,0,2,0,0,0,1,0,double,-0.674446,857
14,0,6,0,2,0,0,0,1,0,stand,-0.151136,53012
14,0,6,0,2,0,0,0,1,0,hit,-0.406336,726
17,0,6,0,2,0,0,0,1,0,stand,0.009390,43877
17,0,6,0,2,0,0,0,1,0,hit,-0.654843,733
17,0,6,0,2,0,0,0,1,0,double,-0.909836,732
17,0,A,0,2,0,0,0,1,0,double,-1.187879,660
17,0,A,0,2,0,0,0,1,0,hit,-0.625860,727
17,0,A,0,2,0,0,0,1,0,stand,-0.475268,30204
9,0,A,0,2,0,0,0,1,0,stand,-0.667722,632
9,0,A,0,2,0,0,0,1,0,double,-0.485039,635
9,0,A,0,2,0,0,0,1,0,hit,-0.115952,17628
13,0,9,0,2,0,0,0,1,0,hit,-0.411709,61456
13,0,9,0,2,0,0,0,1,0,double,-0.763723,838
13,0,9,0,2,0,0,0,1,0,stand,-0.524810,1713
12,0,7,0,2,0,0,0,1,0,double,-0.728192,791
12,0,7,0,2,0,0,0,1,0,stand,-0.455163,1472
12,0,7,0,2,0,0,0,1,0,hit,-0.258084,61600
14,1,8,0,2,0,0,0,1,0,hit,-0.081615,8148
14,1,8,0,2,0,0,0,1,0,double,-0.146435,519
14,1,8,0,2,0,0,0,1,0,stand,-0.467230,473
20,0,A,10,2,0,0,0,1,1,stand,0.653484,48826
20,0,A,10,2,0,0,0,1,1,split,0.087719,570
20,0,A,10,2,0,0,0,1,1,hit,-0.840948,591
20,0,A,10,2,0,0,0,1,1,double,-1.651032,533
14,0,4,0,2,0,0,0,1,0,stand,-0.215033,52950
14,0,4,0,2,0,0,0,1,0,double,-0.550617,810
14,0,4,0,2,0,0,0,1,0,hit,-0.425450,778
16,1,3,0,2,0,0,0,1,0,stand,-0.251082,462
16,1,3,0,2,0,0,0,1,0,double,-0.017171,8037
16,1,3,0,2,0,0,0,1,0,hit,-0.098121,479
13,0,A,0,2,0,0,0,1,0,stand,-0.667090,787
13,0,A,0,2,0,0,0,1,0,double,-0.984127,693
13,0,A,0,2,0,0,0,1,0,hit,-0.423411,42937
18,1,A,0,2,0,0,0,1,0,double,-0.276119,536
18,1,A,0,2,0,0,0,1,0,hit,-0.181818,462
18,1,A,0,2,0,0,0,1,0,stand,-0.113766,5274
20,0,9,10,2,0,0,0,1,1,stand,0.759574,70787
20,0,9,10,2,0,0,0,1,1,hit,-0.863787,602
20,0,9,10,2,0,0,0,1,1,double,-1.678899,654
20,0,9,10,2,0,0,0,1,1,split,0.015552,643
20,0,5,10,2,0,0,0,1,1,split,0.386172,593
20,0,5,10,2,0,0,0,1,1,hit,-0.844094,635
20,0,5,10,2,0,0,0,1,1,stand,0.668021,71143
20,0,5,10,2,0,0,0,1,1,double,-1.725753,598
8,0,9,4,2,0,0,0,1,1,double,-0.610169,295
8,0,9,4,2,0,0,0,1,1,split,-0.651316,304
8,0,9,4,2,0,0,0,1,1,hit,-0.225348,3732
8,0,9,4,2,0,0,0,1,1,stand,-0.598592,284
14,1,2,0,2,0,0,0,1,0,stand,-0.320000,550
14,1,2,0,2,0,0,0,1,0,double,-0.146893,885
14,1,2,0,2,0,0,0,1,0,hit,-0.041193,7744
17,0,8,0,2,0,0,0,1,0,stand,-0.383719,44212
17,0,8,0,2,0,0,0,1,0,hit,-0.520055,723
17,0,8,0,2,0,0,0,1,0,double,-0.979702,739
14,1,5,0,2,0,0,0,1,0,hit,-0.011302,2389
14,1,5,0,2,0,0,0,1,0,stand,-0.215385,520
14,1,5,0,2,0,0,0,1,0,double,0.083483,6133
15,0,2,0,2,0,0,0,1,0,double,-0.831296,818
15,0,2,0,2,0,0,0,1,0,stand,-0.300174,52956
15,0,2,0,2,0,0,0,1,0,hit,-0.508929,784
17,1,9,0,2,0,0,0,1,0,double,-0.398220,899
17,1,9,0,2,0,0,0,1,0,stand,-0.448560,486
17,1,9,0,2,0,0,0,1,0,hit,-0.192119,7766
16,1,10,0,2,0,0,0,1,0,double,-0.496513,717
16,1,10,0,2,0,0,0,1,0,stand,-0.548993,745
16,1,10,0,2,0,0,0,1,0,hit,-0.222219,32054
10,0,3,0,2,0,0,0,1,0,stand,-0.244378,667
10,0,3,0,2,0,0,0,1,0,double,0.409829,25679
10,0,3,0,2,0,0,0,1,0,hit,-0.018759,693
17,1,3,0,2,0,0,0,1,0,stand,-0.106870,524
17,1,3,0,2,0,0,0,1,0,hit,-0.031915,470
17,1,3,0,2,0,0,0,1,0,double,0.073524,8079
15,1,10,0,2,0,0,0,1,0,hit,-0.205048,32368
15,1,10,0,2,0,0,0,1,0,stand,-0.586592,716
15,1,10,0,2,0,0,0,1,0,double,-0.443850,748
18,0,8,0,2,0,0,0,1,0,double,-1.179004,743
18,0,8,0,2,0,0,0,1,0,stand,0.099928,34695
18,0,8,0,2,0,0,0,1,0,hit,-0.619718,710
18,1,7,0,2,0,0,0,1,0,stand,0.402844,8229
18,1,7,0,2,0,0,0,1,0,double,0.104449,517
18,1,7,0,2,0,0,0,1,0,hit,-0.012320,487
19,0,4,0,2,0,0,0,1,0,stand,0.423855,34861
19,0,4,0,2,0,0,0,1,0,double,-1.423881,670
19,0,4,0,2,0,0,0,1,0,hit,-0.734859,743
5,0,10,0,2,0,0,0,1,0,hit,-0.360623,32430
5,0,10,0,2,0,0,0,1,0,stand,-0.569141,687
5,0,10,0,2,0,0,0,1,0,double,-1.123440,721
15,0,9,0,2,0,0,0,1,0,double,-0.829649,769
15,0,9,0,2,0,0,0,1,0,stand,-0.543613,53253
15,0,9,0,2,0,0,0,1,0,hit,-0.544355,992
16,0,9,8,2,0,0,0,1,1,stand,-0.531526,3283
16,0,9,8,2,0,0,0,1,1,split,-0.535112,712
16,0,9,8,2,0,0,0,1,1,hit,-0.546875,320
16,0,9,8,2,0,0,0,1,1,double,-1.187279,283
5,0,A,0,2,0,0,0,1,0,double,-1.207824,409
5,0,A,0,2,0,0,0,1,0,hit,-0.392121,5432
5,0,A,0,2,0,0,0,1,0,stand,-0.727273,462
13,0,2,0,2,0,0,0,1,0,hit,-0.388594,754
13,0,2,0,2,0,0,0,1,0,stand,-0.291248,62033
13,0,2,0,2,0,0,0,1,0,double,-0.642581,775
12,1,9,A,2,0,0,0,1,1,stand,-0.519231,312
12,1,9,A,2,0,0,0,1,1,double,-0.506849,292
12,1,9,A,2,0,0,0,1,1,hit,-0.117241,290
12,1,9,A,2,0,0,0,1,1,split,0.266002,3609
13,1,10,0,2,0,0,0,1,0,double,-0.380117,684
13,1,10,0,2,0,0,0,1,0,stand,-0.460741,675
13,1,10,0,2,0,0,0,1,0,hit,-0.147306,31886
12,1,5,A,2,0,0,0,1,1,stand,-0.206667,300
12,1,5,A,2,0,0,0,1,1,split,0.623050,3653
12,1,5,A,2,0,0,0,1,1,double,0.120635,315
12,1,5,A,2,0,0,0,1,1,hit,-0.028881,277
18,1,5,0,2,0,0,0,1,0,stand,0.175889,506
18,1,5,0,2,0,0,0,1,0,hit,0.020921,478
18,1,5,0,2,0,0,0,1,0,double,0.309738,8123
11,0,8,0,2,0,0,0,1,0,stand,-0.457064,722
11,0,8,0,2,0,0,0,1,0,double,0.349104,34918
11,0,8,0,2,0,0,0,1,0,hit,0.157047,745
15,1,9,0,2,0,0,0,1,0,stand,-0.581781,483
15,1,9,0,2,0,0,0,1,0,hit,-0.203685,8086
15,1,9,0,2,0,0,0,1,0,double,-0.528651,541
6,0,10,0,2,0,0,0,1,0,stand,-0.516049,810
6,0,10,0,2,0,0,0,1,0,double,-1.117318,716
6,0,10,0,2,0,0,0,1,0,hit,-0.371160,32067
13,0,4,0,2,0,0,0,1,0,stand,-0.203702,61909
13,0,4,0,2,0,0,0,1,0,double,-0.491145,847
13,0,4,0,2,0,0,0,1,0,hit,-0.406639,964
18,0,9,9,2,0,0,0,1,1,split,-0.082840,3718
18,0,9,9,2,0,0,0,1,1,stand,-0.175595,336
18,0,9,9,2,0,0,0,1,1,hit,-0.662162,296
18,0,9,9,2,0,0,0,1,1,double,-1.204082,294
10,0,8,0,2,0,0,0,1,0,hit,0.025316,632
10,0,8,0,2,0,0,0,1,0,double,0.292846,26082
10,0,8,0,2,0,0,0,1,0,stand,-0.428144,668
11,0,9,0,2,0,0,0,1,0,double,0.233959,35083
11,0,9,0,2,0,0,0,1,0,hit,0.107038,682
11,0,9,0,2,0,0,0,1,0,stand,-0.594901,706
10,0,2,5,2,0,0,0,1,1,hit,-0.030717,293
10,0,2,5,2,0,0,0,1,1,split,-0.067961,309
10,0,2,5,2,0,0,0,1,1,double,0.379843,3691
10,0,2,5,2,0,0,0,1,1,stand,-0.296167,287
20,0,8,10,2,0,0,0,1,1,split,0.186869,594
20,0,8,10,2,0,0,0,1,1,hit,-0.883721,602
20,0,8,10,2,0,0,0,1,1,double,-1.644737,608
20,0,8,10,2,0,0,0,1,1,stand,0.790425,70872
5,0,9,0,2,0,0,0,1,0,double,-1.094488,508
5,0,9,0,2,0,0,0,1,0,hit,-0.366936,8154
5,0,9,0,2,0,0,0,1,0,stand,-0.505376,558
17,1,4,0,2,0,0,0,1,0,hit,0.000000,576
17,1,4,0,2,0,0,0,1,0,double,0.125935,6686
17,1,4,0,2,0,0,0,1,0,stand,-0.038996,1872
10,0,A,0,2,0,0,0,1,0,double,-0.022489,17520
10,0,A,0,2,0,0,0,1,0,hit,-0.047945,584
10,0,A,0,2,0,0,0,1,0,stand,-0.640244,656
14,0,4,7,2,0,0,0,1,1,double,-0.911032,281
14,0,4,7,2,0,0,0,1,1,stand,-0.301038,289
14,0,4,7,2,0,0,0,1,1,hit,-0.387879,330
14,0,4,7,2,0,0,0,1,1,split,0.083073,3527
17,0,7,0,2,0,0,0,1,0,stand,-0.103537,44023
17,0,7,0,2,0,0,0,1,0,hit,-0.535422,734
17,0,7,0,2,0,0,0,1,0,double,-0.901266,790
16,0,A,0,2,0,0,0,1,0,stand,-0.667299,1581
16,0,A,0,2,0,0,0,1,0,double,-1.036179,691
16,0,A,0,2,0,0,0,1,0,hit,-0.526170,29308
14,0,2,0,2,0,0,0,1,0,hit,-0.445153,784
14,0,2,0,2,0,0,0,1,0,double,-0.723735,771
14,0,2,0,2,0,0,0,1,0,stand,-0.292257,53056
9,0,2,0,2,0,0,0,1,0,hit,-0.100865,694
9,0,2,0,2,0,0,0,1,0,stand,-0.293617,705
9,0,2,0,2,0,0,0,1,0,double,0.072167,26300
18,0,2,9,2,0,0,0,1,1,double,-1.237762,286
18,0,2,9,2,0,0,0,1,1,split,0.211609,3549
18,0,2,9,2,0,0,0,1,1,stand,0.152510,518
18,0,2,9,2,0,0,0,1,1,hit,-0.592466,292
13,1,9,0,2,0,0,0,1,0,double,-0.576923,572
13,1,9,0,2,0,0,0,1,0,stand,-0.539715,491
13,1,9,0,2,0,0,0,1,0,hit,-0.127694,8027
14,0,3,7,2,0,0,0,1,1,split,-0.084389,3709
14,0,3,7,2,0,0,0,1,1,hit,-0.485149,303
14,0,3,7,2,0,0,0,1,1,stand,-0.256966,323
14,0,3,7,2,0,0,0,1,1,double,-0.664495,307
13,0,5,0,2,0,0,0,1,0,stand,-0.166053,62155
13,0,5,0,2,0,0,0,1,0,double,-0.521945,843
13,0,5,0,2,0,0,0,1,0,hit,-0.408163,833
6,0,5,0,2,0,0,0,1,0,stand,-0.153595,1224
6,0,5,0,2,0,0,0,1,0,hit,-0.118635,7325
6,0,5,0,2,0,0,0,1,0,double,-0.142336,548
20,0,3,10,2,0,0,0,1,1,hit,-0.865320,594
20,0,3,10,2,0,0,0,1,1,split,0.394322,634
20,0,3,10,2,0,0,0,1,1,double,-1.747573,618
20,0,3,10,2,0,0,0,1,1,stand,0.653105,70762
19,1,9,0,2,0,0,0,1,0,stand,0.288476,8122
19,1,9,0,2,0,0,0,1,0,double,-0.046908,469
19,1,9,0,2,0,0,0,1,0,hit,-0.035270,482
18,0,3,9,2,0,0,0,1,1,stand,0.168410,956
18,0,3,9,2,0,0,0,1,1,hit,-0.703704,270
18,0,3,9,2,0,0,0,1,1,double,-1.238095,315
18,0,3,9,2,0,0,0,1,1,split,0.203764,3082
16,0,10,8,2,0,0,0,1,1,stand,-0.542039,559
16,0,10,8,2,0,0,0,1,1,hit,-0.551724,435
16,0,10,8,2,0,0,0,1,1,split,-0.456108,15128
16,0,10,8,2,0,0,0,1,1,double,-1.064302,451
16,0,4,8,2,0,0,0,1,1,split,0.128234,3556
16,0,4,8,2,0,0,0,1,1,stand,-0.310345,348
16,0,4,8,2,0,0,0,1,1,hit,-0.521583,278
16,0,4,8,2,0,0,0,1,1,double,-0.776699,309
19,1,4,0,2,0,0,0,1,0,double,0.256619,491
19,1,4,0,2,0,0,0,1,0,hit,0.072937,521
19,1,4,0,2,0,0,0,1,0,stand,0.429063,8134
6,0,7,0,2,0,0,0,1,0,stand,-0.512676,710
6,0,7,0,2,0,0,0,1,0,hit,-0.273765,7974
6,0,7,0,2,0,0,0,1,0,double,-0.959381,517
7,0,3,0,2,0,0,0,1,0,hit,-0.150262,6289
7,0,3,0,2,0,0,0,1,0,stand,-0.251224,11237
7,0,3,0,2,0,0,0,1,0,double,-0.297420,659
18,0,3,0,2,0,0,0,1,0,stand,0.153077,34819
18,0,3,0,2,0,0,0,1,0,hit,-0.693759,689
18,0,3,0,2,0,0,0,1,0,double,-1.202721,735
20,1,8,0,2,0,0,0,1,0,double,0.161417,508
20,1,8,0,2,0,0,0,1,0,hit,0.072034,472
20,1,8,0,2,0,0,0,1,0,stand,0.796538,7972
14,0,7,0,2,0,0,0,1,0,double,-0.729381,776
14,0,7,0,2,0,0,0,1,0,stand,-0.479815,11692
14,0,7,0,2,0,0,0,1,0,hit,-0.341431,42521
12,1,4,A,2,0,0,0,1,1,hit,-0.022140,271
12,1,4,A,2,0,0,0,1,1,stand,-0.177632,304
12,1,4,A,2,0,0,0,1,1,double,0.144262,305
12,1,4,A,2,0,0,0,1,1,split,0.536455,3566
18,0,8,9,2,0,0,0,1,1,double,-1.116981,265
18,0,8,9,2,0,0,0,1,1,split,0.198959,3649
18,0,8,9,2,0,0,0,1,1,stand,0.067524,311
18,0,8,9,2,0,0,0,1,1,hit,-0.594306,281
20,1,7,0,2,0,0,0,1,0,stand,0.774776,7921
20,1,7,0,2,0,0,0,1,0,hit,0.147609,481
20,1,7,0,2,0,0,0,1,0,double,0.507277,481
16,0,9,0,2,0,0,0,1,0,hit,-0.536645,1228
16,0,9,0,2,0,0,0,1,0,double,-1.078652,712
16,0,9,0,2,0,0,0,1,0,stand,-0.536322,43500
11,0,6,0,2,0,0,0,1,0,stand,-0.191257,732
11,0,6,0,2,0,0,0,1,0,hit,0.186178,709
11,0,6,0,2,0,0,0,1,0,double,0.675396,34978
18,0,5,0,2,0,0,0,1,0,stand,0.201192,34733
18,0,5,0,2,0,0,0,1,0,hit,-0.635854,714
18,0,5,0,2,0,0,0,1,0,double,-1.217877,716
8,0,2,0,2,0,0,0,1,0,double,-0.250000,1528
8,0,2,0,2,0,0,0,1,0,hit,-0.074329,15391
8,0,2,0,2,0,0,0,1,0,stand,-0.261206,1294
8,0,7,4,2,0,0,0,1,1,hit,-0.010799,3519
8,0,7,4,2,0,0,0,1,1,stand,-0.467181,259
8,0,7,4,2,0,0,0,1,1,double,-0.223776,429
8,0,7,4,2,0,0,0,1,1,split,-0.278689,305
13,1,7,0,2,0,0,0,1,0,stand,-0.436975,476
13,1,7,0,2,0,0,0,1,0,double,-0.287425,501
13,1,7,0,2,0,0,0,1,0,hit,-0.005226,8037
14,0,5,7,2,0,0,0,1,1,hit,-0.424749,299
14,0,5,7,2,0,0,0,1,1,split,0.145805,3731
14,0,5,7,2,0,0,0,1,1,stand,-0.266667,300
14,0,5,7,2,0,0,0,1,1,double,-0.657040,277
14,0,10,7,2,0,0,0,1,1,stand,-0.532847,548
14,0,10,7,2,0,0,0,1,1,double,-0.997701,435
14,0,10,7,2,0,0,0,1,1,split,-0.682303,469
14,0,10,7,2,0,0,0,1,1,hit,-0.469118,15527
14,1,7,0,2,0,0,0,1,0,stand,-0.443763,489
14,1,7,0,2,0,0,0,1,0,double,-0.127644,2742
14,1,7,0,2,0,0,0,1,0,hit,-0.014026,5989
10,0,6,0,2,0,0,0,1,0,stand,-0.183499,703
10,0,6,0,2,0,0,0,1,0,hit,0.010853,645
10,0,6,0,2,0,0,0,1,0,double,0.587966,25777
14,1,6,0,2,0,0,0,1,0,stand,-0.137476,531
14,1,6,0,2,0,0,0,1,0,double,0.156056,8215
14,1,6,0,2,0,0,0,1,0,hit,-0.068817,465
18,0,A,0,2,0,0,0,1,0,hit,-0.678955,651
18,0,A,0,2,0,0,0,1,0,stand,-0.099081,23940
18,0,A,0,2,0,0,0,1,0,double,-1.250794,630
11,0,5,0,2,0,0,0,1,0,hit,0.180193,727
11,0,5,0,2,0,0,0,1,0,double,0.621576,35159
11,0,5,0,2,0,0,0,1,0,stand,-0.201669,719
7,0,5,0,2,0,0,0,1,0,stand,-0.181684,677
7,0,5,0,2,0,0,0,1,0,double,-0.178203,1358
7,0,5,0,2,0,0,0,1,0,hit,-0.074228,16072
12,0,2,6,2,0,0,0,1,1,stand,-0.287195,3569
12,0,2,6,2,0,0,0,1,1,split,-0.440860,279
12,0,2,6,2,0,0,0,1,1,hit,-0.318519,270
12,0,2,6,2,0,0,0,1,1,double,-0.523962,313
20,1,A,0,2,0,0,0,1,0,double,0.149254,402
20,1,A,0,2,0,0,0,1,0,stand,0.651045,5505
20,1,A,0,2,0,0,0,1,0,hit,-0.041475,434
10,0,4,0,2,0,0,0,1,0,hit,0.093333,675
10,0,4,0,2,0,0,0,1,0,double,0.458115,25976
10,0,4,0,2,0,0,0,1,0,stand,-0.259601,651
6,0,8,3,2,0,0,0,1,1,hit,-0.301494,3413
6,0,8,3,2,0,0,0,1,1,double,-1.085911,291
6,0,8,3,2,0,0,0,1,1,split,-0.419940,331
6,0,8,3,2,0,0,0,1,1,stand,-0.446029,491
12,0,7,6,2,0,0,0,1,1,split,-0.395904,293
12,0,7,6,2,0,0,0,1,1,stand,-0.535055,271
12,0,7,6,2,0,0,0,1,1,double,-0.415771,279
12,0,7,6,2,0,0,0,1,1,hit,-0.231391,3587
6,0,8,0,2,0,0,0,1,0,double,-0.771429,490
6,0,8,0,2,0,0,0,1,0,stand,-0.494413,716
6,0,8,0,2,0,0,0,1,0,hit,-0.323648,8157
19,0,8,0,2,0,0,0,1,0,stand,0.600235,34948
19,0,8,0,2,0,0,0,1,0,double,-1.433752,717
19,0,8,0,2,0,0,0,1,0,hit,-0.733051,708
7,0,9,0,2,0,0,0,1,0,stand,-0.517123,584
7,0,9,0,2,0,0,0,1,0,double,-0.950558,627
7,0,9,0,2,0,0,0,1,0,hit,-0.350474,17094
5,0,3,0,2,0,0,0,1,0,stand,-0.256203,7779
5,0,3,0,2,0,0,0,1,0,hit,-0.209302,817
5,0,3,0,2,0,0,0,1,0,double,-0.375000,512
19,0,5,0,2,0,0,0,1,0,stand,0.439076,34814
19,0,5,0,2,0,0,0,1,0,hit,-0.766162,727
19,0,5,0,2,0,0,0,1,0,double,-1.423295,704
16,0,6,8,2,0,0,0,1,1,stand,-0.148014,277
16,0,6,8,2,0,0,0,1,1,split,0.359794,3691
16,0,6,8,2,0,0,0,1,1,hit,-0.521401,257
16,0,6,8,2,0,0,0,1,1,double,-0.960784,306
6,0,6,0,2,0,0,0,1,0,double,-0.243981,623
6,0,6,0,2,0,0,0,1,0,hit,-0.135218,7854
6,0,6,0,2,0,0,0,1,0,stand,-0.144828,580
12,1,3,A,2,0,0,0,1,1,double,0.164474,304
12,1,3,A,2,0,0,0,1,1,stand,-0.213483,267
12,1,3,A,2,0,0,0,1,1,split,0.561147,3696
12,1,3,A,2,0,0,0,1,1,hit,0.023810,294
18,1,8,0,2,0,0,0,1,0,double,0.015075,796
18,1,8,0,2,0,0,0,1,0,hit,-0.023158,475
18,1,8,0,2,0,0,0,1,0,stand,0.131105,7719
17,1,8,0,2,0,0,0,1,0,double,-0.242792,659
17,1,8,0,2,0,0,0,1,0,hit,-0.111055,7933
17,1,8,0,2,0,0,0,1,0,stand,-0.420523,497
19,1,6,0,2,0,0,0,1,0,hit,0.037475,507
19,1,6,0,2,0,0,0,1,0,double,0.496032,504
19,1,6,0,2,0,0,0,1,0,stand,0.502821,7977
19,1,5,0,2,0,0,0,1,0,stand,0.448915,8153
19,1,5,0,2,0,0,0,1,0,hit,-0.002016,496
19,1,5,0,2,0,0,0,1,0,double,0.381743,482
13,1,4,0,2,0,0,0,1,0,double,0.061933,8041
13,1,4,0,2,0,0,0,1,0,hit,-0.067210,491
13,1,4,0,2,0,0,0,1,0,stand,-0.209213,521
18,1,2,0,2,0,0,0,1,0,double,0.095349,860
18,1,2,0,2,0,0,0,1,0,hit,-0.056399,461
18,1,2,0,2,0,0,0,1,0,stand,0.131919,7732
12,1,10,A,2,0,0,0,1,1,split,0.182323,15500
12,1,10,A,2,0,0,0,1,1,double,-0.469248,439
12,1,10,A,2,0,0,0,1,1,stand,-0.565217,437
12,1,10,A,2,0,0,0,1,1,hit,-0.194030,402
4,0,5,2,2,0,0,0,1,1,stand,-0.105085,295
4,0,5,2,2,0,0,0,1,1,hit,-0.073090,301
4,0,5,2,2,0,0,0,1,1,double,-0.409091,264
4,0,5,2,2,0,0,0,1,1,split,0.209165,3557
14,1,3,0,2,0,0,0,1,0,double,-0.063613,786
14,1,3,0,2,0,0,0,1,0,hit,-0.015766,7548
14,1,3,0,2,0,0,0,1,0,stand,-0.279874,636
6,0,3,3,2,0,0,0,1,1,hit,-0.248227,282
6,0,3,3,2,0,0,0,1,1,stand,-0.348837,301
6,0,3,3,2,0,0,0,1,1,split,-0.098901,3640
6,0,3,3,2,0,0,0,1,1,double,-0.423611,288
17,1,2,0,2,0,0,0,1,0,hit,-0.024367,7264
17,1,2,0,2,0,0,0,1,0,stand,-0.143070,671
17,1,2,0,2,0,0,0,1,0,double,-0.025602,1328
20,1,6,0,2,0,0,0,1,0,hit,0.185567,485
20,1,6,0,2,0,0,0,1,0,stand,0.695952,8252
20,1,6,0,2,0,0,0,1,0,double,0.579365,504
15,1,6,0,2,0,0,0,1,0,stand,-0.142308,520
15,1,6,0,2,0,0,0,1,0,double,0.197877,8197
15,1,6,0,2,0,0,0,1,0,hit,-0.010060,497
15,1,4,0,2,0,0,0,1,0,stand,-0.208247,485
15,1,4,0,2,0,0,0,1,0,hit,-0.164683,504
15,1,4,0,2,0,0,0,1,0,double,0.069578,8106
5,0,7,0,2,0,0,0,1,0,double,-0.977131,481
5,0,7,0,2,0,0,0,1,0,stand,-0.505837,514
5,0,7,0,2,0,0,0,1,0,hit,-0.274093,7990
5,0,5,0,2,0,0,0,1,0,stand,-0.174713,870
5,0,5,0,2,0,0,0,1,0,hit,-0.119975,7910
5,0,5,0,2,0,0,0,1,0,double,-0.372294,462
16,1,8,0,2,0,0,0,1,0,double,-0.340502,558
16,1,8,0,2,0,0,0,1,0,hit,-0.119742,8226
16,1,8,0,2,0,0,0,1,0,stand,-0.457031,512
4,0,10,2,2,0,0,0,1,1,double,-1.086247,429
4,0,10,2,2,0,0,0,1,1,hit,-0.331461,15664
4,0,10,2,2,0,0,0,1,1,split,-0.542411,448
4,0,10,2,2,0,0,0,1,1,stand,-0.531915,470
8,0,8,0,2,0,0,0,1,0,double,-0.507881,571
8,0,8,0,2,0,0,0,1,0,stand,-0.487179,624
8,0,8,0,2,0,0,0,1,0,hit,-0.124971,17116
7,0,4,0,2,0,0,0,1,0,hit,-0.248756,603
7,0,4,0,2,0,0,0,1,0,stand,-0.205125,17092
7,0,4,0,2,0,0,0,1,0,double,-0.352751,618
18,1,9,0,2,0,0,0,1,0,stand,-0.185507,7714
18,1,9,0,2,0,0,0,1,0,hit,-0.204255,470
18,1,9,0,2,0,0,0,1,0,double,-0.314322,789
8,0,3,0,2,0,0,0,1,0,hit,-0.071637,16779
8,0,3,0,2,0,0,0,1,0,double,-0.250000,672
8,0,3,0,2,0,0,0,1,0,stand,-0.242667,750
9,0,8,0,2,0,0,0,1,0,stand,-0.498498,666
9,0,8,0,2,0,0,0,1,0,double,-0.015517,26036
9,0,8,0,2,0,0,0,1,0,hit,-0.048193,664
19,1,3,0,2,0,0,0,1,0,double,0.279749,479
19,1,3,0,2,0,0,0,1,0,hit,0.006250,480
19,1,3,0,2,0,0,0,1,0,stand,0.406964,8099
16,1,A,0,2,0,0,0,1,0,stand,-0.662870,439
16,1,A,0,2,0,0,0,1,0,double,-0.666667,420
16,1,A,0,2,0,0,0,1,0,hit,-0.223131,5499
20,1,9,0,2,0,0,0,1,0,stand,0.771007,8057
20,1,9,0,2,0,0,0,1,0,double,0.172000,500
20,1,9,0,2,0,0,0,1,0,hit,0.017308,520
16,1,4,0,2,0,0,0,1,0,stand,-0.188867,503
16,1,4,0,2,0,0,0,1,0,hit,-0.130755,543
16,1,4,0,2,0,0,0,1,0,double,0.099229,8042
14,1,4,0,2,0,0,0,1,0,hit,-0.026769,523
14,1,4,0,2,0,0,0,1,0,double,0.055741,8073
14,1,4,0,2,0,0,0,1,0,stand,-0.212632,475
5,0,4,0,2,0,0,0,1,0,hit,-0.280769,520
5,0,4,0,2,0,0,0,1,0,stand,-0.205489,8234
5,0,4,0,2,0,0,0,1,0,double,-0.422311,502
6,0,4,0,2,0,0,0,1,0,double,-0.354639,485
6,0,4,0,2,0,0,0,1,0,hit,-0.210638,470
6,0,4,0,2,0,0,0,1,0,stand,-0.202363,8124
6,0,A,0,2,0,0,0,1,0,hit,-0.422473,5411
6,0,A,0,2,0,0,0,1,0,stand,-0.673563,435
6,0,A,0,2,0,0,0,1,0,double,-1.271949,467
16,0,3,8,2,0,0,0,1,1,split,0.089758,3632
16,0,3,8,2,0,0,0,1,1,hit,-0.530035,283
16,0,3,8,2,0,0,0,1,1,double,-0.950704,284
16,0,3,8,2,0,0,0,1,1,stand,-0.263889,288
16,0,7,8,2,0,0,0,1,1,split,0.317975,3516
16,0,7,8,2,0,0,0,1,1,stand,-0.461039,308
16,0,7,8,2,0,0,0,1,1,hit,-0.505226,287
16,0,7,8,2,0,0,0,1,1,double,-0.823105,277
18,1,6,0,2,0,0,0,1,0,double,0.377982,8175
18,1,6,0,2,0,0,0,1,0,hit,-0.053333,525
18,1,6,0,2,0,0,0,1,0,stand,0.246939,490
16,1,2,0,2,0,0,0,1,0,double,-0.081628,8061
16,1,2,0,2,0,0,0,1,0,hit,-0.149013,557
16,1,2,0,2,0,0,0,1,0,stand,-0.205426,516
10,0,4,5,2,0,0,0,1,1,split,0.031359,287
10,0,4,5,2,0,0,0,1,1,hit,0.069853,272
10,0,4,5,2,0,0,0,1,1,stand,-0.160656,305
10,0,4,5,2,0,0,0,1,1,double,0.488792,3658
8,0,5,0,2,0,0,0,1,0,double,-0.002030,16745
8,0,5,0,2,0,0,0,1,0,stand,-0.141553,657
8,0,5,0,2,0,0,0,1,0,hit,-0.092478,811
13,1,A,0,2,0,0,0,1,0,double,-0.605923,439
13,1,A,0,2,0,0,0,1,0,hit,-0.159825,5481
13,1,A,0,2,0,0,0,1,0,stand,-0.722944,462
19,1,8,0,2,0,0,0,1,0,hit,0.091633,502
19,1,8,0,2,0,0,0,1,0,stand,0.604093,7964
19,1,8,0,2,0,0,0,1,0,double,0.070022,457
13,1,8,0,2,0,0,0,1,0,double,-0.320939,511
13,1,8,0,2,0,0,0,1,0,stand,-0.515712,541
13,1,8,0,2,0,0,0,1,0,hit,-0.055892,8087
13,1,5,0,2,0,0,0,1,0,double,0.104159,7719
13,1,5,0,2,0,0,0,1,0,hit,0.060480,959
13,1,5,0,2,0,0,0,1,0,stand,-0.159363,502
7,0,A,0,2,0,0,0,1,0,double,-1.054820,529
7,0,A,0,2,0,0,0,1,0,stand,-0.697318,522
7,0,A,0,2,0,0,0,1,0,hit,-0.380692,11726
5,0,8,0,2,0,0,0,1,0,hit,-0.296375,8027
5,0,8,0,2,0,0,0,1,0,double,-1.143451,481
5,0,8,0,2,0,0,0,1,0,stand,-0.497099,517
7,0,2,0,2,0,0,0,1,0,hit,-0.155991,13129
7,0,2,0,2,0,0,0,1,0,double,-0.425806,620
7,0,2,0,2,0,0,0,1,0,stand,-0.266901,4556
8,0,10,4,2,0,0,0,1,1,stand,-0.505007,699
8,0,10,4,2,0,0,0,1,1,split,-0.680585,479
8,0,10,4,2,0,0,0,1,1,hit,-0.261732,15172
8,0,10,4,2,0,0,0,1,1,double,-0.852608,441
16,0,8,8,2,0,0,0,1,1,stand,-0.571429,266
16,0,8,8,2,0,0,0,1,1,double,-0.840909,264
16,0,8,8,2,0,0,0,1,1,split,-0.040609,3743
16,0,8,8,2,0,0,0,1,1,hit,-0.514950,301
16,1,5,0,2,0,0,0,1,0,hit,-0.068100,558
16,1,5,0,2,0,0,0,1,0,double,0.114165,8076
16,1,5,0,2,0,0,0,1,0,stand,-0.203922,510
18,1,4,0,2,0,0,0,1,0,double,0.258717,7916
18,1,4,0,2,0,0,0,1,0,hit,0.048237,539
18,1,4,0,2,0,0,0,1,0,stand,0.109937,473
15,1,8,0,2,0,0,0,1,0,double,-0.266212,586
15,1,8,0,2,0,0,0,1,0,stand,-0.486056,502
15,1,8,0,2,0,0,0,1,0,hit,-0.093613,7969
18,0,7,9,2,0,0,0,1,1,hit,-0.597865,281
18,0,7,9,2,0,0,0,1,1,split,0.332673,505
18,0,7,9,2,0,0,0,1,1,stand,0.409841,3455
18,0,7,9,2,0,0,0,1,1,double,-1.042553,282
13,1,2,0,2,0,0,0,1,0,stand,-0.243902,492
13,1,2,0,2,0,0,0,1,0,hit,-0.018598,7689
13,1,2,0,2,0,0,0,1,0,double,-0.066321,965
14,0,2,7,2,0,0,0,1,1,hit,-0.390681,279
14,0,2,7,2,0,0,0,1,1,split,-0.196448,3604
14,0,2,7,2,0,0,0,1,1,double,-0.733096,281
14,0,2,7,2,0,0,0,1,1,stand,-0.198697,307
14,1,A,0,2,0,0,0,1,0,double,-0.549085,601
14,1,A,0,2,0,0,0,1,0,hit,-0.166855,5316
14,1,A,0,2,0,0,0,1,0,stand,-0.665198,454
17,1,A,0,2,0,0,0,1,0,double,-0.428246,439
17,1,A,0,2,0,0,0,1,0,hit,-0.227069,5342
17,1,A,0,2,0,0,0,1,0,stand,-0.435268,448
15,1,5,0,2,0,0,0,1,0,hit,-0.000000,512
15,1,5,0,2,0,0,0,1,0,stand,-0.112403,516
15,1,5,0,2,0,0,0,1,0,double,0.146210,8180
12,0,5,6,2,0,0,0,1,1,double,-0.228188,298
12,0,5,6,2,0,0,0,1,1,stand,-0.143396,530
12,0,5,6,2,0,0,0,1,1,hit,-0.291391,302
12,0,5,6,2,0,0,0,1,1,split,0.028153,3552
19,1,A,0,2,0,0,0,1,0,hit,-0.052995,434
19,1,A,0,2,0,0,0,1,0,stand,0.294464,5437
19,1,A,0,2,0,0,0,1,0,double,-0.166320,481
10,0,A,5,2,0,0,0,1,1,split,-0.653696,257
10,0,A,5,2,0,0,0,1,1,hit,-0.004292,233
10,0,A,5,2,0,0,0,1,1,double,0.050559,2413
10,0,A,5,2,0,0,0,1,1,stand,-0.731801,261
6,0,5,3,2,0,0,0,1,1,hit,-0.231034,290
6,0,5,3,2,0,0,0,1,1,stand,-0.087613,331
6,0,5,3,2,0,0,0,1,1,split,0.108465,3485
6,0,5,3,2,0,0,0,1,1,double,-0.290541,296
18,0,10,9,2,0,0,0,1,1,hit,-0.662946,448
18,0,10,9,2,0,0,0,1,1,stand,-0.180398,15560
18,0,10,9,2,0,0,0,1,1,split,-0.270455,440
18,0,10,9,2,0,0,0,1,1,double,-1.273543,446
15,1,2,0,2,0,0,0,1,0,stand,-0.281250,512
15,1,2,0,2,0,0,0,1,0,hit,-0.115768,501
15,1,2,0,2,0,0,0,1,0,double,-0.057525,8066
6,0,4,3,2,0,0,0,1,1,double,-0.402730,293
6,0,4,3,2,0,0,0,1,1,split,0.067274,3731
6,0,4,3,2,0,0,0,1,1,stand,-0.160410,293
6,0,4,3,2,0,0,0,1,1,hit,-0.219672,305
6,0,9,0,2,0,0,0,1,0,hit,-0.362388,7790
6,0,9,0,2,0,0,0,1,0,double,-1.129032,496
6,0,9,0,2,0,0,0,1,0,stand,-0.514881,672
20,1,2,0,2,0,0,0,1,0,double,0.426288,563
20,1,2,0,2,0,0,0,1,0,stand,0.641696,8183
20,1,2,0,2,0,0,0,1,0,hit,-0.000000,539
14,0,9,7,2,0,0,0,1,1,stand,-0.587189,281
14,0,9,7,2,0,0,0,1,1,hit,-0.433119,3581
14,0,9,7,2,0,0,0,1,1,split,-0.575221,339
14,0,9,7,2,0,0,0,1,1,double,-0.813187,273
8,0,A,0,2,0,0,0,1,0,double,-0.744802,529
8,0,A,0,2,0,0,0,1,0,hit,-0.262589,11657
8,0,A,0,2,0,0,0,1,0,stand,-0.645472,519
6,0,2,3,2,0,0,0,1,1,hit,-0.282209,326
6,0,2,3,2,0,0,0,1,1,double,-0.568562,299
6,0,2,3,2,0,0,0,1,1,stand,-0.278854,1187
6,0,2,3,2,0,0,0,1,1,split,-0.173688,2706
17,1,7,0,2,0,0,0,1,0,hit,0.010058,8153
17,1,7,0,2,0,0,0,1,0,stand,-0.153846,507
17,1,7,0,2,0,0,0,1,0,double,-0.126984,504
12,1,8,A,2,0,0,0,1,1,stand,-0.494662,281
12,1,8,A,2,0,0,0,1,1,double,-0.397351,302
12,1,8,A,2,0,0,0,1,1,hit,-0.141975,324
12,1,8,A,2,0,0,0,1,1,split,0.401416,3672
10,0,5,5,2,0,0,0,1,1,split,0.114035,342
10,0,5,5,2,0,0,0,1,1,double,0.508281,3683
10,0,5,5,2,0,0,0,1,1,stand,-0.193443,305
10,0,5,5,2,0,0,0,1,1,hit,0.081761,318
12,0,A,6,2,0,0,0,1,1,hit,-0.370323,2352
12,0,A,6,2,0,0,0,1,1,double,-0.719368,253
12,0,A,6,2,0,0,0,1,1,split,-0.721429,280
12,0,A,6,2,0,0,0,1,1,stand,-0.714286,273
6,0,2,0,2,0,0,0,1,0,hit,-0.216403,7657
6,0,2,0,2,0,0,0,1,0,double,-0.616601,506
6,0,2,0,2,0,0,0,1,0,stand,-0.296957,953
5,0,6,0,2,0,0,0,1,0,hit,-0.189781,548
5,0,6,0,2,0,0,0,1,0,stand,-0.137483,8081
5,0,6,0,2,0,0,0,1,0,double,-0.157895,456
16,1,9,0,2,0,0,0,1,0,hit,-0.189115,8048
16,1,9,0,2,0,0,0,1,0,double,-0.497942,486
16,1,9,0,2,0,0,0,1,0,stand,-0.538767,503
6,0,A,3,2,0,0,0,1,1,stand,-0.716599,247
6,0,A,3,2,0,0,0,1,1,hit,-0.390990,2486
6,0,A,3,2,0,0,0,1,1,double,-1.274262,237
6,0,A,3,2,0,0,0,1,1,split,-0.496032,252
4,0,4,2,2,0,0,0,1,1,split,-0.147569,3456
4,0,4,2,2,0,0,0,1,1,double,-0.359712,278
4,0,4,2,2,0,0,0,1,1,hit,-0.202572,311
4,0,4,2,2,0,0,0,1,1,stand,-0.188811,572
18,0,A,9,2,0,0,0,1,1,hit,-0.662651,249
18,0,A,9,2,0,0,0,1,1,double,-1.014815,270
18,0,A,9,2,0,0,0,1,1,split,-0.187234,235
18,0,A,9,2,0,0,0,1,1,stand,-0.119106,2460
4,0,A,2,2,0,0,0,1,1,double,-1.435294,255
4,0,A,2,2,0,0,0,1,1,split,-0.648221,253
4,0,A,2,2,0,0,0,1,1,hit,-0.360182,2421
4,0,A,2,2,0,0,0,1,1,stand,-0.725191,262
17,1,5,0,2,0,0,0,1,0,double,0.190547,8124
17,1,5,0,2,0,0,0,1,0,stand,-0.074007,554
17,1,5,0,2,0,0,0,1,0,hit,-0.038462,520
4,0,8,2,2,0,0,0,1,1,hit,-0.400602,332
4,0,8,2,2,0,0,0,1,1,double,-0.963455,301
4,0,8,2,2,0,0,0,1,1,split,-0.175635,3661
4,0,8,2,2,0,0,0,1,1,stand,-0.552632,304
15,1,3,0,2,0,0,0,1,0,hit,-0.110236,508
15,1,3,0,2,0,0,0,1,0,double,0.026709,8162
15,1,3,0,2,0,0,0,1,0,stand,-0.248322,447
14,0,7,7,2,0,0,0,1,1,double,-0.587361,269
14,0,7,7,2,0,0,0,1,1,stand,-0.427083,384
14,0,7,7,2,0,0,0,1,1,split,-0.119457,3608
14,0,7,7,2,0,0,0,1,1,hit,-0.386885,305
8,0,A,4,2,0,0,0,1,1,double,-0.885609,271
8,0,A,4,2,0,0,0,1,1,split,-0.531365,271
8,0,A,4,2,0,0,0,1,1,hit,-0.248003,2379
8,0,A,4,2,0,0,0,1,1,stand,-0.613445,238
4,0,3,2,2,0,0,0,1,1,double,-0.315068,292
4,0,3,2,2,0,0,0,1,1,split,-0.041826,3658
4,0,3,2,2,0,0,0,1,1,hit,-0.300725,276
4,0,3,2,2,0,0,0,1,1,stand,-0.266436,289
18,0,5,9,2,0,0,0,1,1,stand,0.225146,342
18,0,5,9,2,0,0,0,1,1,split,0.392367,3642
18,0,5,9,2,0,0,0,1,1,hit,-0.610108,277
18,0,5,9,2,0,0,0,1,1,double,-1.260188,319
15,1,7,0,2,0,0,0,1,0,double,-0.140884,1448
15,1,7,0,2,0,0,0,1,0,stand,-0.462451,506
15,1,7,0,2,0,0,0,1,0,hit,-0.063551,7254
8,0,4,4,2,0,0,0,1,1,double,-0.050378,397
8,0,4,4,2,0,0,0,1,1,stand,-0.294521,292
8,0,4,4,2,0,0,0,1,1,hit,-0.174825,286
8,0,4,4,2,0,0,0,1,1,split,-0.036504,3616
12,1,A,A,2,0,0,0,1,1,hit,-0.165414,266
12,1,A,A,2,0,0,0,1,1,split,0.130708,2387
12,1,A,A,2,0,0,0,1,1,double,-0.493506,231
12,1,A,A,2,0,0,0,1,1,stand,-0.675090,277
16,0,A,8,2,0,0,0,1,1,split,-0.397826,2300
16,0,A,8,2,0,0,0,1,1,hit,-0.507246,345
16,0,A,8,2,0,0,0,1,1,stand,-0.625000,272
16,0,A,8,2,0,0,0,1,1,double,-1.111111,234
6,0,6,3,2,0,0,0,1,1,double,-0.118033,305
6,0,6,3,2,0,0,0,1,1,hit,-0.110556,1601
6,0,6,3,2,0,0,0,1,1,split,0.185908,2356
6,0,6,3,2,0,0,0,1,1,stand,-0.171429,280
15,1,A,0,2,0,0,0,1,0,stand,-0.678322,429
15,1,A,0,2,0,0,0,1,0,hit,-0.199856,5544
15,1,A,0,2,0,0,0,1,0,double,-0.699752,403
20,1,5,0,2,0,0,0,1,0,double,0.513619,514
20,1,5,0,2,0,0,0,1,0,hit,0.051923,520
20,1,5,0,2,0,0,0,1,0,stand,0.668983,8060
10,0,3,5,2,0,0,0,1,1,hit,0.137584,298
10,0,3,5,2,0,0,0,1,1,double,0.361532,3629
10,0,3,5,2,0,0,0,1,1,stand,-0.265018,283
10,0,3,5,2,0,0,0,1,1,split,-0.161616,297
12,1,2,A,2,0,0,0,1,1,hit,0.019011,263
12,1,2,A,2,0,0,0,1,1,split,0.474038,3717
12,1,2,A,2,0,0,0,1,1,stand,-0.288136,295
12,1,2,A,2,0,0,0,1,1,double,0.028881,277
16,0,2,8,2,0,0,0,1,1,stand,-0.351955,358
16,0,2,8,2,0,0,0,1,1,split,0.089403,3501
16,0,2,8,2,0,0,0,1,1,hit,-0.565217,276
16,0,2,8,2,0,0,0,1,1,double,-0.960486,329
6,0,7,3,2,0,0,0,1,1,hit,-0.269504,3384
6,0,7,3,2,0,0,0,1,1,stand,-0.445183,602
6,0,7,3,2,0,0,0,1,1,split,-0.276667,300
6,0,7,3,2,0,0,0,1,1,double,-1.029851,268
6,0,3,0,2,0,0,0,1,0,stand,-0.332054,521
6,0,3,0,2,0,0,0,1,0,double,-0.500782,639
6,0,3,0,2,0,0,0,1,0,hit,-0.214920,7882
8,0,5,4,2,0,0,0,1,1,split,0.112435,3442
8,0,5,4,2,0,0,0,1,1,stand,-0.158940,302
8,0,5,4,2,0,0,0,1,1,double,0.085343,539
8,0,5,4,2,0,0,0,1,1,hit,-0.089606,279
18,0,6,9,2,0,0,0,1,1,double,-1.414286,280
18,0,6,9,2,0,0,0,1,1,split,0.319347,429
18,0,6,9,2,0,0,0,1,1,hit,-0.698962,289
18,0,6,9,2,0,0,0,1,1,stand,0.341758,3561
12,1,7,A,2,0,0,0,1,1,double,-0.199234,261
12,1,7,A,2,0,0,0,1,1,split,0.463815,3717
12,1,7,A,2,0,0,0,1,1,hit,0.006410,312
12,1,7,A,2,0,0,0,1,1,stand,-0.468635,271
10,0,9,5,2,0,0,0,1,1,double,0.168376,3706
10,0,9,5,2,0,0,0,1,1,hit,-0.019293,311
10,0,9,5,2,0,0,0,1,1,split,-0.585455,275
10,0,9,5,2,0,0,0,1,1,stand,-0.558912,331
12,0,3,6,2,0,0,0,1,1,split,-0.202168,1568
12,0,3,6,2,0,0,0,1,1,stand,-0.257909,1865
12,0,3,6,2,0,0,0,1,1,hit,-0.275813,707
12,0,3,6,2,0,0,0,1,1,double,-0.415842,303
12,0,6,6,2,0,0,0,1,1,hit,-0.295139,288
12,0,6,6,2,0,0,0,1,1,split,0.096559,3749
12,0,6,6,2,0,0,0,1,1,double,-0.374558,283
12,0,6,6,2,0,0,0,1,1,stand,-0.152672,262
4,0,6,2,2,0,0,0,1,1,hit,-0.133803,284
4,0,6,2,2,0,0,0,1,1,stand,-0.139932,293
4,0,6,2,2,0,0,0,1,1,split,0.190504,3391
4,0,6,2,2,0,0,0,1,1,double,-0.133333,480
8,0,2,4,2,0,0,0,1,1,hit,-0.066494,3474
8,0,2,4,2,0,0,0,1,1,stand,-0.241877,277
8,0,2,4,2,0,0,0,1,1,double,-0.302158,278
8,0,2,4,2,0,0,0,1,1,split,-0.179348,552
6,0,9,3,2,0,0,0,1,1,stand,-0.571059,387
6,0,9,3,2,0,0,0,1,1,hit,-0.382242,3435
6,0,9,3,2,0,0,0,1,1,double,-1.284133,271
6,0,9,3,2,0,0,0,1,1,split,-0.386364,308
16,0,5,8,2,0,0,0,1,1,split,0.231783,3719
16,0,5,8,2,0,0,0,1,1,hit,-0.568182,308
16,0,5,8,2,0,0,0,1,1,stand,-0.173502,317
16,0,5,8,2,0,0,0,1,1,double,-0.917241,290
4,0,7,2,2,0,0,0,1,1,split,-0.049765,3617
4,0,7,2,2,0,0,0,1,1,stand,-0.485915,284
4,0,7,2,2,0,0,0,1,1,hit,-0.259740,308
4,0,7,2,2,0,0,0,1,1,double,-1.040000,275
8,0,6,4,2,0,0,0,1,1,double,0.148315,445
8,0,6,4,2,0,0,0,1,1,stand,-0.120301,266
8,0,6,4,2,0,0,0,1,1,hit,-0.065831,319
8,0,6,4,2,0,0,0,1,1,split,0.126575,3413
14,0,A,7,2,0,0,0,1,1,double,-0.963504,274
14,0,A,7,2,0,0,0,1,1,stand,-0.682759,290
14,0,A,7,2,0,0,0,1,1,split,-0.670330,273
14,0,A,7,2,0,0,0,1,1,hit,-0.463025,2380
10,0,7,5,2,0,0,0,1,1,stand,-0.527157,313
10,0,7,5,2,0,0,0,1,1,double,0.412949,3676
10,0,7,5,2,0,0,0,1,1,split,-0.440729,329
10,0,7,5,2,0,0,0,1,1,hit,0.029900,301
12,1,6,A,2,0,0,0,1,1,stand,-0.075342,292
12,1,6,A,2,0,0,0,1,1,hit,0.098039,306
12,1,6,A,2,0,0,0,1,1,double,0.108844,294
12,1,6,A,2,0,0,0,1,1,split,0.644658,3650
14,0,8,7,2,0,0,0,1,1,double,-0.764045,267
14,0,8,7,2,0,0,0,1,1,split,-0.409812,693
14,0,8,7,2,0,0,0,1,1,hit,-0.383615,3308
14,0,8,7,2,0,0,0,1,1,stand,-0.485342,307
12,0,4,6,2,0,0,0,1,1,double,-0.330935,278
12,0,4,6,2,0,0,0,1,1,split,0.022032,3631
12,0,4,6,2,0,0,0,1,1,hit,-0.250909,275
12,0,4,6,2,0,0,0,1,1,stand,-0.170418,311
